category,category_en,rank,video,video_path,index,sampled_frames,representative_frame,gt,pred
拥堵,Congestion,1,拥堵_20240113182656_突发事件_35316755.mp4,/root/autodl-tmp/高架桥数据/video_fixed/拥堵_20240113182656_突发事件_35316755.mp4,241,"[61, 185, 308, 431, 555, 679, 802, 925, 1049, 1173, 1296, 1419]",802,2024年1月13日18时26分51秒至18时27分49秒，在嘉闵东柴塘北路入口处，多辆汽车在道路上缓慢移动或完全停止，形成明显的交通拥堵现象。涉事车辆包括轿车、SUV和货车等多种类型，它们在车道上密...,2024年1月13日18时26分至18时27分，嘉闵东柴塘北路入口处夜间监控画面显示，多辆机动车在隧道内行驶，车流密集且车速缓慢，车辆间距极小，整体通行效率显著下降。期间，一辆白色轿车在右侧应急车道停...
拥堵,Congestion,2,拥堵_20240106181900_突发事件_35298453.mp4,/root/autodl-tmp/高架桥数据/video_fixed/拥堵_20240106181900_突发事件_35298453.mp4,432,"[62, 186, 310, 434, 559, 683, 807, 931, 1055, 1180, 1304, 1428]",807,2024年1月6日18:18至18:54，在外环高速莘庄立交东（外）路段，发生了严重的交通拥堵事件。视频显示，大量车辆在该路段缓慢移动或完全停止，排队车辆长度超过正常范围，且持续一段时间内无明显缓解趋...,2024年1月6日18时18分至18时19分，在外环高速莘庄立交东（外）路段，多辆轿车和货车在夜间行驶过程中出现异常停车现象，车辆均处于正常行驶状态但位置导致后方车辆被迫减速或绕行。涉事车辆包括多辆小...
拥堵,Congestion,3,拥堵_20240206163352_突发事件_35355647.mp4,/root/autodl-tmp/高架桥数据/video_fixed/拥堵_20240206163352_突发事件_35355647.mp4,477,"[61, 183, 305, 427, 549, 671, 793, 916, 1038, 1160, 1282, 1404]",793,2021年2月6日16:33至16:45，在S20内至G60出省方向的高速公路上，发生了一起拥堵交通事件。视频显示，多辆汽车在该路段缓慢移动或完全停止，排队车辆长度超过正常范围，并且持续一段时间没有缓...,2024年2月6日10时14分至10时15分，S20内至G60出省方向的高架路段出现明显交通拥堵，地点位于通往杭州方向（G60）与浦东机场方向（S20）的交汇处附近。视频显示该路段为双向多车道高速公路...
异常停车,Abnormal Parking,1,异常停车_20240624112654_突发事件_35721711.mp4,/root/autodl-tmp/高架桥数据/video_fixed/异常停车_20240624112654_突发事件_35721711.mp4,2,"[61, 183, 305, 427, 549, 671, 793, 915, 1037, 1159, 1281, 1403]",793,2024年6月24日11时26分50秒至11时27分48秒，外环高速沪渝立交段出现异常停车事件。一辆红色货车在右侧车道完全静止，车辆未开启双闪灯，驾驶员不在车内，且无明显故障迹象。该车停在行车道内，导...,2024年6月24日11时26分52秒至11时27分51秒，外环高速沪渝立交段出现多车事故交通事件。画面显示，从监控画面看，右侧应急车道附近发生车辆碰撞事故。随后车辆被紧急避让，造成该路段交通流受阻，...
异常停车,Abnormal Parking,2,异常停车_20240623150949_突发事件_35720119.mp4,/root/autodl-tmp/高架桥数据/video_fixed/异常停车_20240623150949_突发事件_35720119.mp4,5,"[32, 96, 161, 225, 290, 354, 418, 483, 547, 612, 676, 741]",418,2024年6月23日15时13分，外环高速联谊路西段，雨天路面湿滑，监控画面显示双向车道车辆正常行驶，一辆蓝色轿车在最左侧车道停靠，车辆开启双闪灯，驾驶员下车活动，导致后车绕行，符合异常停车行为。...,2024年06月23日15:13:15至15:13:32，在外环高速联谊路西枪机1处，视频记录到多辆车异常停车事件。涉事车辆包括多辆轿车和货车，这些车辆在雨天湿滑的路面上缓慢移动或完全停止，导致后方车...
异常停车,Abnormal Parking,3,异常停车_20240511021033_突发事件_35579528.mp4,/root/autodl-tmp/高架桥数据/video_fixed/异常停车_20240511021033_突发事件_35579528.mp4,7,"[61, 185, 309, 433, 557, 681, 805, 928, 1052, 1176, 1300, 1424]",805,2024年5月11日02时10分至02时11分，外环高速莘朱路路段，一辆红色货车在左侧应急车道内长时间静止不动，车头灯亮起，车身未开启双闪警示灯，车辆位置处于非停车区域且无交通信号或标志允许停车，后方...,2024年5月11日02时10分至02时11分，外环高速莘朱路路段，一辆红色货车在右侧应急车道内完全静止，车辆开启双闪灯，驾驶员下车处理，符合异常停车行为。...
二轮车辆闯入,Two-wheeler Intrusion,1,二轮车辆闯入_20230721144136_突发事件_33393747.mp4,/root/autodl-tmp/高架桥数据/video_fixed/二轮车辆闯入_20230721144136_突发事件_33393747.mp4,4,"[9, 27, 45, 63, 81, 99, 117, 135, 153, 171, 189, 207]",117,2023年07月21日14时41分30秒左右，在外环高速蕴川立交东路段，一辆二轮摩托车驶入主车道，进入正常行驶的机动车道内，该车辆未在专用非机动车道或允许通行区域行驶，属于闯入行为。摩托车驾驶员佩戴头...,2023年07月21日14时41分30秒左右，在外环高速蕴川立交东路段，一辆二轮摩托车从画面右侧驶入高速公路主车道，驾驶员身穿蓝色上衣并佩戴头盔，车辆在车流中穿行，未见专用二轮车道或明显禁止标志，该行...
二轮车辆闯入,Two-wheeler Intrusion,2,二轮车辆闯入_20230721120212_突发事件_33393572.mp4,/root/autodl-tmp/高架桥数据/video_fixed/二轮车辆闯入_20230721120212_突发事件_33393572.mp4,9,"[30, 91, 152, 214, 275, 336, 398, 459, 520, 581, 642, 704]",398,2023年7月21日12时02分08秒，在G2进外环外圈匝道03路段，一辆摩托车驶入主路，驾驶员佩戴红色头盔，车辆无明显牌照，行驶过程中未在专用通道或允许区域通行，属于二轮车辆闯入高速公路禁止通行区域...,2023年7月21日12时02分13秒至12时02分32秒，G2进外环外圈匝道03路段，一辆二轮摩托车在无明显禁止标志区域行驶于多车道高速公路的最左侧车道，驾驶员佩戴头盔，车辆无牌照特征明显，该路段为...
二轮车辆闯入,Two-wheeler Intrusion,3,二轮车辆闯入_20230715120335_突发事件_1149569.mp4,/root/autodl-tmp/高架桥数据/video_fixed/二轮车辆闯入_20230715120335_突发事件_1149569.mp4,16,"[30, 90, 151, 211, 271, 332, 392, 452, 513, 573, 633, 694]",392,2023年7月15日12时03分35秒左右，在外环高速仙霞路（内）路段，一辆二轮摩托车驶入主干道。该车辆未在专用通道或允许区域通行，存在明显危险行为。周围车辆因避让该二轮车而出现短暂变道和减速现象，影...,2023年7月15日14时08分43秒，在外环高速仙霞路（内）路段，一辆二轮车辆沿最右侧道路辅路行驶，未在专用非机动车道或辅路通行，佩戴头盔，其行为属于闯入高速公路禁止通行区域。该二轮车在车流中穿行，...
占道施工,Road Work,1,占道施工_20230820045634_运行安全_34614824.mp4,/root/autodl-tmp/高架桥数据/video_fixed/占道施工_20230820045634_运行安全_34614824.mp4,0,"[63, 189, 316, 442, 569, 695, 821, 948, 1074, 1201, 1327, 1454]",821,2023年8月20日04:56至04:57期间，外环高速联谊路东段（江杨北路出口前1公里处）发生占道施工交通事件。现场可见多辆货车、轿车及一辆红色集装箱车依次通过该路段，道路右侧车道被橙白相间的交通锥...,2023年8月20日04时56分至04时57分，外环高速联道路东方向下一出口路段发生占道施工交通事件，现场可见多辆货车、轿车及工程车辆在道路上缓慢通行，道路右侧车道设置有连续排列的橙白相间交通锥桶，形...
占道施工,Road Work,2,占道施工_20240421095734_运行安全_35504665.mp4,/root/autodl-tmp/高架桥数据/video_fixed/占道施工_20240421095734_运行安全_35504665.mp4,10,"[31, 95, 158, 222, 286, 349, 413, 477, 540, 604, 668, 731]",413,2024年4月21日19时00分至19时01分，外环高速蕴川立交东2枪机2监控画面显示，在蕰川路公交枢纽站附近路段，一名身穿反光背心、头戴黄色安全帽的工作人员在道路左侧绿化带边缘站立，路旁放置有多个红...,2024年4月21日10时09分32秒至10时09分40秒，外环高速蕴川立交东2枪机2监控画面显示，一辆黑色轿车停靠在道路右侧应急车道内，车辆开启双闪灯，驾驶员身穿反光背心在车旁活动。该车辆长时间静止...
占道施工,Road Work,3,占道施工_20240430000257_运行安全_35546785.mp4,/root/autodl-tmp/高架桥数据/video_fixed/占道施工_20240430000257_运行安全_35546785.mp4,24,"[32, 97, 161, 226, 290, 355, 420, 484, 549, 613, 678, 742]",420,2021年4月30日00:05:58至00:06:29，在外环高速沪太立交西3枪机1处，发生了一起占道施工交通事件。现场有多名施工人员穿着反光背心在车道上进行作业，他们周围放置了多个红白色锥桶以隔离施...,2024年4月30日00:05:58至00:06:55期间，外环高速护太立交北段夜间发生多车事故，一辆白色轿车与前方货车 glutino发生碰撞，车辆位置异常，白色轿车斜停在车道上，影响了应急车道正常...
多车事故,Multi-vehicle Accident,1,多车事故_20240622131800_突发事件_35718810.mp4,/root/autodl-tmp/高架桥数据/video_fixed/多车事故_20240622131800_突发事件_35718810.mp4,18,"[13, 39, 66, 93, 119, 145, 172, 199, 225, 251, 278, 305]",172,2024年6月22日13时17分26秒至13时17分38秒，武宁路地道南线西向东方向发生一起多车事故，涉事车辆包括一辆白色轿车和一辆银色轿车，两车在隧道内行驶过程中出现异常减速并持续停车，后方车辆紧急...,2024年6月22日13时17分26秒至13时17分35秒，位于武宁路地道南线西向东方向，监控画面显示多辆机动车在隧道内发生碰撞，涉事车辆包括多辆小轿车，共计造成抛洒至少二块以上疑似事故，车辆位置异常...
多车事故,Multi-vehicle Accident,2,多车事故_20240530085706_突发事件_35653363.mp4,/root/autodl-tmp/高架桥数据/video_fixed/多车事故_20240530085706_突发事件_35653363.mp4,103,"[62, 187, 312, 436, 561, 686, 811, 936, 1061, 1186, 1310, 1435]",811,2024年5月30日08:57至08：58，在外环高速顾戴路北（内）路段，发生了一起多车事故。涉事车辆包括一辆白色轿车和一辆银色SUV，它们在行驶过程中发生了碰撞，导致车辆位置异常，其中银色SUV斜停...,2024年5月30日08时56分59秒至08时57分59秒，外环高速顾戴路北（内）路段发生一起多车事故。事故发生在道路右侧车道，多辆轿车和货车在行驶过程中因前方车辆减速或停车引发连环追尾，其中至少有二...
多车事故,Multi-vehicle Accident,3,多车事故_20240622062856_突发事件_35717902.mp4,/root/autodl-tmp/高架桥数据/video_fixed/多车事故_20240622062856_突发事件_35717902.mp4,120,"[61, 184, 307, 431, 554, 677, 800, 923, 1046, 1169, 1293, 1416]",800,2024年6月22日06时28分51秒至06时29分49秒，S20外环线至S4金山方向高架路段发生一起多车事故。一辆红色货车与一辆银蓝色轿车在行车道内发生追尾碰撞，两车均停在车道中央，车辆位置异常，横...,2024年6月22日06:28:23至06:29:19期间，S20外至S4金山方向的高架路段出现交通拥堵，该路段为双向两车道的高速公路桥面，两侧有绿化带和护栏。视频显示，多辆货车和轿车在该路段缓慢行驶...
抛洒物,Scattered Objects,1,抛洒物_20240530074153_运行安全_35652730.mp4,/root/autodl-tmp/高架桥数据/video_fixed/抛洒物_20240530074153_运行安全_35652730.mp4,102,"[60, 181, 302, 423, 544, 665, 786, 908, 1029, 1150, 1271, 1392]",786,2021年5月30日07:41:59至07:42:46，在外环高速丰翔路南枪机2处，未知车辆在行驶过程中疑似发生货物抛洒，导致车道上出现异物。该抛洒物位于道路右侧，尺寸较大，影响了后方车辆的正常行驶，...,2024年5月30日07:41至07:42期间，外环高速丰翔路南段发生一起多车事故。视频显示，该路段为双向多车道高速公路，道路两侧绿树成荫，前方50米处设有“外环高速丰翔路南段”提示牌。右侧车道内，一...
抛洒物,Scattered Objects,2,抛洒物_20240216203149_运行安全_35364108.mp4,/root/autodl-tmp/高架桥数据/video_fixed/抛洒物_20240216203149_运行安全_35364108.mp4,140,"[60, 181, 302, 422, 543, 664, 785, 906, 1027, 1148, 1268, 1389]",785,2024年2月16日20:31:45至20:32:42，在外环高速曹安路北枪机2处，视频中显示右侧车道上有多个绿色编织袋状的抛洒物，这些抛洒物位于道路边缘，部分车辆在经过时采取了避让措施，导致行驶轨迹...,2024年2月16日20时31分至20时32分，外环高速曹安路北段监控画面显示，该路段为夜间多车道高速公路，路面照明良好，车流正常行驶。在视频中段，右侧应急车道边缘出现散落的白色塑料袋状物体，随后有车...
抛洒物,Scattered Objects,3,抛洒物_20240315101211_运行安全_35412640.mp4,/root/autodl-tmp/高架桥数据/video_fixed/抛洒物_20240315101211_运行安全_35412640.mp4,773,"[61, 184, 308, 431, 555, 678, 801, 925, 1048, 1172, 1295, 1419]",801,2024年3月15日10时12分07秒至10时13分05秒，外环高速北翟路立交北方向路段，一袋白色包裹状物品落在道路右侧护栏边，随后被风吹动并部分滑入行车道。后方车辆未见明显避让或急刹行为，但有车辆减...,2024年3月5日15时12分，外环高速北翟路立交北方向路段出现多车事故交通事件。画面显示，该路段为多车道高速公路，车流密集，包含轿车、货车、厢式货车及大型运输车辆。在视频起始阶段，右侧车道靠近中央护...
