idx,event_id,video,gt_label,manual_note,annotation_bucket,note_flags,auto_suggest,auto_reason,human_keep,human_reason,human_note,base_label,base_pred_excerpt,text_positive_hits,text_negative_hits,ovd_found,lcrm_ok,lcrm_signal,lcrm_reason,lcrm_channel,lcrm_score,lcrm_compactness,lcrm_dx_union,lcrm_dy_union,lcrm_edge_norm_gap,lcrm_persistence,lcrm_static_count,lcrm_person_peak,lcrm_vehicle_peak
1,35639492,,,无法打开 视频应删去,unable_open,,drop,invalid_or_unverifiable,no,unable_open,,,,,,False,,,,,,,,,,,,,
2,35638736,,,无法打开 视频应删去,unable_open,,drop,invalid_or_unverifiable,no,unable_open,,,,,,False,,,,,,,,,,,,,
3,35640435,,,无法打开 视频应删去,unable_open,,drop,invalid_or_unverifiable,no,unable_open,,,,,,False,,,,,,,,,,,,,
4,35639191,,,无法打开 视频应删去,unable_open,,drop,invalid_or_unverifiable,no,unable_open,,,,,,False,,,,,,,,,,,,,
5,35638462,,,无法打开 视频应删去,unable_open,,drop,invalid_or_unverifiable,no,unable_open,,,,,,False,,,,,,,,,,,,,
6,35712871,,,无法打开 视频应删去,unable_open,,drop,invalid_or_unverifiable,no,unable_open,,,,,,False,,,,,,,,,,,,,
7,35712580,,,无法打开 视频应删去,unable_open,,drop,invalid_or_unverifiable,no,unable_open,,,,,,False,,,,,,,,,,,,,
8,35711334,,,无法打开 视频应删去,unable_open,,drop,invalid_or_unverifiable,no,unable_open,,,,,,False,,,,,,,,,,,,,
9,35713565,,,无法打开 视频应删去,unable_open,,drop,invalid_or_unverifiable,no,unable_open,,,,,,False,,,,,,,,,,,,,
10,35710982,,,无法打开 视频应删去,unable_open,,drop,invalid_or_unverifiable,no,unable_open,,,,,,False,,,,,,,,,,,,,
11,35711395,,,无法打开 视频应删去,unable_open,,drop,invalid_or_unverifiable,no,unable_open,,,,,,False,,,,,,,,,,,,,
12,35713559,,,无法打开 视频应删去,unable_open,,drop,invalid_or_unverifiable,no,unable_open,,,,,,False,,,,,,,,,,,,,
13,35695321,,,无法打开 视频应删去,unable_open,,drop,invalid_or_unverifiable,no,unable_open,,,,,,False,,,,,,,,,,,,,
14,35693578,,,无法打开 视频应删去,unable_open,,drop,invalid_or_unverifiable,no,unable_open,,,,,,False,,,,,,,,,,,,,
15,35447113,,,无法打开 视频应删去,unable_open,,drop,invalid_or_unverifiable,no,unable_open,,,,,,False,,,,,,,,,,,,,
16,35582256,,,无法打开 视频应删去,unable_open,,drop,invalid_or_unverifiable,no,unable_open,,,,,,False,,,,,,,,,,,,,
17,35582035,,,无法打开 视频应删去,unable_open,,drop,invalid_or_unverifiable,no,unable_open,,,,,,False,,,,,,,,,,,,,
18,1966634,,,无碰撞过程，只看到停车，有人员在车旁 两车贴近停靠，有一人在查看车辆碰撞情况,no_process_parking_with_person,person_handling|person_present|two_or_more_close,review,post_incident_handling_needs_confirmation,yes,post_incident_handling,,,,,,False,,,,,,,,,,,,,
19,6967446,,,无碰撞过程，只看到停车，有人员在车旁 两车贴近停靠，有两人在两车之间查看/交涉,no_process_parking_with_person,person_handling|person_present|two_or_more_close,review,post_incident_handling_needs_confirmation,yes,post_incident_handling,,,,,,False,,,,,,,,,,,,,
20,35698307,,,无碰撞过程，只看到停车，有人员在车旁 两车相隔较远，有一辆车车主靠近另一辆车与车内车主交涉,no_process_parking_with_person,far_or_unclear_relation|person_handling|person_present,review,post_incident_handling_needs_confirmation,uncertain,far_but_handling,,,,,,False,,,,,,,,,,,,,
21,35700650,,,有碰撞过程（但不明显），碰撞后停车，有人员在车旁 两车贴近停靠，有多人在查看车辆碰撞情况/交涉,collision_process_weak,person_handling|person_present|two_or_more_close,keep,collision_process_weak,yes,collision_weak,,,,,,False,,,,,,,,,,,,,
22,35697913,,,无碰撞过程，只看到停车，有人员在车旁 两车贴近停靠，有多人在查看车辆碰撞情况/交涉,no_process_parking_with_person,person_handling|person_present|two_or_more_close,review,post_incident_handling_needs_confirmation,yes,post_incident_handling,,,,,,False,,,,,,,,,,,,,
23,35699282,多车事故_20240612172420_突发事件_35699282.mp4,多车事故,无碰撞过程，只看到停车，有人员在车旁 两车贴近停靠，有两人在两车之间查看，但未交流？视频后面两人各自坐回车内,no_process_parking_with_person,person_present|two_or_more_close,keep,post_incident_handling,uncertain,parking_with_person_unspecified,,多车事故,2024年6月12日17时24分至17时25分，位于城市高架桥路段的右侧车道发生多车事故。涉事车辆包括一辆黑色轿车、一辆白色SUV及多辆前后行驶的车辆，其中黑色轿车停靠在最右侧车道边缘，车旁有两名人员站立，疑似驾驶员与乘客下车查看情况，另一名人员靠近车旁；白色SUV紧随其后，俩车均处于异常停车状态，导致后方车辆被迫减速绕行。事故区域可见车辆刹车灯亮起，交通流,碰撞|下车查看,未见明显碰撞,True,True,False,score_below_threshold,,0.7212,0.5217,0.478,0.4787,0.0,3,5,0,26
24,35574858,,,无碰撞过程，只看到停车，有人员在车旁 两车贴近停靠，有多人在查看车辆碰撞情况/交涉，但由于镜头角度问题两车几乎重合,no_process_parking_with_person,overlap_angle|person_handling|person_present|two_or_more_close,review,post_incident_handling_needs_confirmation,yes,post_incident_handling,,,,,,False,,,,,,,,,,,,,
25,35710514,,,无碰撞过程，只看到停车，有人员在车旁 两车贴近停靠，有多人在查看车辆碰撞情况/交涉，但画面极不清晰模糊且所占画面小,no_process_parking_with_person,edge_or_small|low_quality|person_handling|person_present|small_or_edge|two_or_more_close,review,post_incident_handling_but_visual_weak,uncertain,post_incident_handling_visual_weak,,,,,,False,,,,,,,,,,,,,
26,35708505,,,无碰撞过程，只看到停车，有人员在车旁 两车相隔有一定距离，有多人在查看车辆碰撞情况/交涉，但画面极不清晰模糊,no_process_parking_with_person,far_or_unclear_relation|low_quality|person_handling|person_present,review,post_incident_handling_but_visual_weak,uncertain,far_but_handling,,,,,,False,,,,,,,,,,,,,
27,35710647,,,无碰撞过程，只看到停车，有人员在车旁 两车贴近停靠，有两人在查看车辆碰撞情况/交涉，但画面极不清晰模糊且所占画面小,no_process_parking_with_person,edge_or_small|low_quality|person_handling|person_present|small_or_edge|two_or_more_close,review,post_incident_handling_but_visual_weak,uncertain,post_incident_handling_visual_weak,,,,,,False,,,,,,,,,,,,,
28,35708952,多车事故_20240617073026_突发事件_35708952.mp4,多车事故,无碰撞过程，只看到停车，有人员在车旁 两车贴近停靠，有一人在查看车辆碰撞情况,no_process_parking_with_person,person_handling|person_present|two_or_more_close,keep,post_incident_handling,yes,post_incident_handling,,异常停车,2024年06月17日星期一07:30:23，在一条城市高架道路上，一辆白色轿车在最右侧车道完全静止，车辆未开启双闪灯，驾驶员不在车内，且该车在非停车区域长时间停留，导致后方车辆被迫减速绕行，形成交通拥堵。该行为符合异常停车的判断标准，存在安全隐患。,双闪,,True,True,False,construction_context,,0.8522,0.6305,0.4775,0.2122,0.0,7,7,0,38
29,35709278,,,无碰撞过程，只看到停车，有人员在车旁 两车贴近停靠，有一人在查看车辆碰撞情况（拍照），视频后端两车开走,no_process_parking_with_person,drive_away|person_handling|person_present|two_or_more_close,review,post_incident_handling_needs_confirmation,yes,post_incident_handling,,,,,,False,,,,,,,,,,,,,
30,35709961,,,无碰撞过程，只看到停车，有人员在车旁 两车贴近停靠，有两人在查看车辆碰撞情况/交涉,no_process_parking_with_person,person_handling|person_present|two_or_more_close,review,post_incident_handling_needs_confirmation,yes,post_incident_handling,,,,,,False,,,,,,,,,,,,,
31,35708720,,,无碰撞过程，只看到停车，有人员在车旁 两车贴近停靠，有两人在查看车辆碰撞情况/交涉,no_process_parking_with_person,person_handling|person_present|two_or_more_close,review,post_incident_handling_needs_confirmation,yes,post_incident_handling,,,,,,False,,,,,,,,,,,,,
32,35708491,,,无碰撞过程，只看到停车，有人员在车旁 两车贴近停靠，有多人在查看车辆碰撞情况/交涉，但由于镜头角度问题两车几乎重合，且画面不清晰,no_process_parking_with_person,low_quality|overlap_angle|person_handling|person_present|two_or_more_close,review,post_incident_handling_but_visual_weak,uncertain,post_incident_handling_visual_weak,,,,,,False,,,,,,,,,,,,,
33,35646491,,,无碰撞过程，只看到停车，有人员在车旁 两车贴近停靠，有多人在查看车辆碰撞情况/交涉，画面不清晰,no_process_parking_with_person,low_quality|person_handling|person_present|two_or_more_close,review,post_incident_handling_but_visual_weak,uncertain,post_incident_handling_visual_weak,,,,,,False,,,,,,,,,,,,,
34,35646617,,,无碰撞过程，只看到停车，有人员在车旁 两车贴近停靠，有两人在查看车辆碰撞情况/交涉，但由于镜头角度问题两车几乎重合,no_process_parking_with_person,overlap_angle|person_handling|person_present|two_or_more_close,review,post_incident_handling_needs_confirmation,yes,post_incident_handling,,,,,,False,,,,,,,,,,,,,
35,35647673,,,无碰撞过程，只看到停车，有人员在车旁 两车贴近停靠，有两人在查看车辆碰撞情况/交涉,no_process_parking_with_person,person_handling|person_present|two_or_more_close,review,post_incident_handling_needs_confirmation,yes,post_incident_handling,,,,,,False,,,,,,,,,,,,,
36,35647151,多车事故_20240528170718_突发事件_35647151.mp4,多车事故,无碰撞过程，只看到停车，无人员在车旁 两车贴近停靠，无人员在车旁，无明显事故证据,no_process_parking_no_person,explicit_no_person|no_evidence|two_or_more_close,drop,parking_without_handling_evidence,no,weak_evidence,,异常停车,2024年5月28日17:07至17:08，在外环高速莘庄立交北段，一辆红色货车在行车道上异常停车，车辆完全静止且未开启双闪灯，导致后方多辆车辆被迫减速绕行，交通流出现明显滞缓，形成典型的拥堵现象，影响了道路的正常通行秩序。该行为违反了非停车区域禁止停车的规定，且未采取任何安全警示措施，存在较大安全隐患。,双闪,,True,True,False,score_below_threshold,,0.6606,0.5644,0.2449,0.5652,0.1355,4,9,0,65
37,35644725,,,无碰撞过程，只看到停车，无人员在车旁 两车贴近停靠，有多人在查看车辆碰撞情况/交涉，有事故证据,no_process_parking_no_person,explicit_evidence|explicit_no_person|person_handling|two_or_more_close,drop,parking_without_handling_evidence,yes,post_incident_handling,,,,,,False,,,,,,,,,,,,,
38,35717427,,,有碰撞过程（但不明显），碰撞后停车，有人员在车旁 碰撞后两车相隔较远，有一人在查看车辆碰撞情况,collision_process_weak,far_or_unclear_relation|person_handling|person_present,keep,collision_process_weak,yes,collision_weak,,,,,,False,,,,,,,,,,,,,
39,35717760,,,无碰撞过程，只看到停车，有人员在车旁 两车贴近停靠，有两人在查看车辆碰撞情况/交涉，但处在画面边缘,no_process_parking_with_person,edge_or_small|person_handling|person_present|small_or_edge|two_or_more_close,review,post_incident_handling_but_visual_weak,uncertain,post_incident_handling_visual_weak,,,,,,False,,,,,,,,,,,,,
40,35717772,,,无碰撞过程，只看到停车，有人员在车旁 两车相隔有一定距离，有两人在查看车辆碰撞情况/交涉，但画面不清晰模糊，所占画面小,no_process_parking_with_person,edge_or_small|far_or_unclear_relation|low_quality|person_handling|person_present|small_or_edge,review,post_incident_handling_but_visual_weak,uncertain,far_but_handling,,,,,,False,,,,,,,,,,,,,
41,35717061,,,有碰撞过程（但不明显），碰撞后停车，有人员在车旁 两车贴近停靠，有两人在查看车辆碰撞情况/交涉，所占画面小,collision_process_weak,edge_or_small|person_handling|person_present|small_or_edge|two_or_more_close,keep,collision_process_weak,yes,collision_weak,,,,,,False,,,,,,,,,,,,,
42,35717276,,,有碰撞过程，碰撞后停车，无人员在车旁 有追尾/碰撞过程,collision_process_clear,explicit_no_person,keep,collision_process_clear,yes,collision_visible,,,,,,False,,,,,,,,,,,,,
43,35717354,多车事故_20240621152616_突发事件_35717354.mp4,多车事故,无碰撞过程，只看到停车，有人员在车旁 两车贴近停靠，有一人下车在查看车辆碰撞情况/交涉（但发生在视频后半段），处在画面边缘,no_process_parking_with_person,edge_or_small|person_handling|person_present|small_or_edge|two_or_more_close,review,post_incident_handling_but_visual_weak,uncertain,post_incident_handling_visual_weak,,多车事故,2024年6月21日15时26分至15时27分，嘉闵西侧定焦07监控点位拍摄到隧道内发生多车事故。事故发生在隧道中段，涉事车辆包括一辆白色货车、一辆白色轿车。视频显示，俩辆车已经发生事故，在最右侧车道停靠，疑似白色轿车追尾白色货车。事故造成右侧车道车辆明显拥堵，部分车辆横向偏移，存在碰撞痕迹，且有车辆紧急刹车行为。事故影响了隧道内双向交通流，引发后方车辆排队,碰撞|追尾,,True,True,True,lcrm_lite_core,strong,0.8634,0.6586,0.4032,0.2657,0.0,4,6,0,12
44,35716923,多车事故_20240621121139_突发事件_35716923.mp4,多车事故,有碰撞过程（但不明显），碰撞后停车，有人员在车旁 两车相隔较近，有两人在查看车辆碰撞情况/交涉,collision_process_weak,person_handling|person_present|two_or_more_close,keep,collision_process_weak,yes,collision_weak,,拥堵,2024年6月21日12时10分至12时11分，在外环高速北翟路立交北侧路段，发生了一起严重的交通拥堵事件。视频显示，多辆货车和轿车在该路段缓慢移动或完全停止，排队车辆长度超过正常范围，且持续一段时间无缓解趋势。涉事车辆包括红色、白色和黑色的货车，它们密集地排列在车道上，导致道路通行效率显著下降。此次拥堵发生在高速公路的瓶颈区域，严重影响了过往车辆的正常行驶,,正常行驶,True,True,False,no_pair_after_area_filter,,,,,,,,2,,15
45,35717902,多车事故_20240622062856_突发事件_35717902.mp4,多车事故,无碰撞过程，只看到停车，有人员在车旁 两车相隔较近，有两人在查看车辆碰撞情况/交涉,no_process_parking_with_person,person_handling|person_present|two_or_more_close,keep,post_incident_handling,yes,post_incident_handling,,异常停车,2024年6月22日06:28:31至06:29:38期间，S20外至S4金山方向的高架道路上发生了一起异常停车事件。一辆红色货车在右侧车道内完全静止，车辆开启双闪灯，驾驶员站在车旁，车辆处于非停车区域且无交通信号灯或标志允许停车。该车长时间静止导致后方多辆货车和轿车被迫减速绕行，影响了道路的正常通行秩序，存在安全隐患。此行为符合异常停车的判断标准，属于典型,双闪,,True,True,False,score_below_threshold,,0.3848,0.6378,0.1409,0.4924,0.0,6,3,0,6
46,35717414,,,有碰撞过程（但不明显），碰撞后停车，有人员在车旁 两车贴近停靠，有一人在查看车辆碰撞情况/交涉,collision_process_weak,person_handling|person_present|two_or_more_close,keep,collision_process_weak,yes,collision_weak,,,,,,False,,,,,,,,,,,,,
47,35717758,,,无碰撞过程，无人员在车旁，俩辆车在中间车道想开到旁边去停车 没什么特征,no_process_parking_no_person,explicit_no_person|no_evidence,drop,parking_without_handling_evidence,no,weak_evidence,,,,,,False,,,,,,,,,,,,,
48,35716626,多车事故_20240621082921_突发事件_35716626.mp4,多车事故,有碰撞过程（但不明显），碰撞后停车，无人员在车旁 两车贴近停靠，有疑似碰撞过程，但不明显，造成后边车流拥堵,collision_process_weak,explicit_no_person|two_or_more_close,keep,collision_process_weak,yes,collision_weak,,多车事故,2024年6月21日星期五早上8点28分至8点29分，在一条多车道的高架桥上发生了一起多车事故。涉事车辆包括一辆白色轿车和一辆灰色SUV。在视频中可以看到，白色轿车和灰色SUV发生了碰撞。事故导致车辆位置异常，部分车辆横跨车道或斜停在路中央，严重影响了交通秩序。现场有人员下车查看情况，交警也迅速赶到现场进行处理。其他车辆被迫紧急避让或停滞不前，造成了严重的交,碰撞|人员下车|下车查看|斜停|横跨,,True,True,True,lcrm_lite_core,strong,0.9267,0.8167,0.2158,0.1436,0.0,6,13,0,43
49,35717110,,,有碰撞过程，碰撞后停车，有人员在车旁 两车贴近停靠，有两人在查看车辆碰撞情况/交涉,collision_process_clear,person_handling|person_present|two_or_more_close,keep,collision_process_clear,yes,collision_visible,,,,,,False,,,,,,,,,,,,,
50,35462115,,,无碰撞过程，只看到停车，有人员在车旁 两车贴近停靠，有多人在查看车辆碰撞情况/交涉，有明显车损/碰撞痕迹,no_process_parking_with_person,explicit_evidence|person_handling|person_present|two_or_more_close,review,post_incident_handling_needs_confirmation,yes,post_incident_handling_with_evidence,,,,,,False,,,,,,,,,,,,,
51,35722808,多车事故_20240625070853_突发事件_35722808.mp4,多车事故,有碰撞过程（但不明显），碰撞后停车，有人员在车旁 两车贴近停靠，有多人在查看车辆碰撞情况/交涉,collision_process_weak,person_handling|person_present|two_or_more_close,keep,collision_process_weak,yes,collision_weak,,拥堵,2024年6月25日星期二早上7点07分至7点08分，在一条多车道高速公路上发生了一起拥堵交通事件。视频显示，该路段有多辆车缓慢移动或完全停止，排队车辆长度超过正常范围，且持续一段时间无缓解趋势，尤其是在道路的瓶颈区域。涉事车辆包括多种类型，如轿车、SUV、货车和客车，它们在车道上密集排列，导致交通流严重受阻。异常特征表现为车辆尾灯亮起，表明驾驶员正在减速或,,,True,True,False,static_count_below_threshold,,,,,,,,0,,37
52,35723208,,,无碰撞过程，只看到停车，无人员在车旁 只看到停车，无人员，无明显事故证据,no_process_parking_no_person,explicit_no_person|no_evidence,drop,parking_without_handling_evidence,no,weak_evidence,,,,,,False,,,,,,,,,,,,,
53,35723376,,,无碰撞过程，只看到停车，有人员在车旁 两车贴近停靠，有多人在查看车辆碰撞情况/交涉,no_process_parking_with_person,person_handling|person_present|two_or_more_close,review,post_incident_handling_needs_confirmation,yes,post_incident_handling,,,,,,False,,,,,,,,,,,,,
54,35722770,,,有碰撞过程（但不明显），碰撞后停车，有人员在车旁 两车贴近停靠，有一人下车查看车辆碰撞情况/交涉 但镜头中小汽车几乎被大货车挡住,collision_process_weak,occluded|overlap_angle|person_handling|person_present|two_or_more_close,keep,collision_process_weak,yes,collision_weak,,,,,,False,,,,,,,,,,,,,
55,35722191,,,无碰撞过程，只看到停车，有人员在车旁 两车贴近停靠，有两人在查看车辆碰撞情况/交涉,no_process_parking_with_person,person_handling|person_present|two_or_more_close,review,post_incident_handling_needs_confirmation,yes,post_incident_handling,,,,,,False,,,,,,,,,,,,,
56,35723177,多车事故_20240625090006_突发事件_35723177.mp4,多车事故,无碰撞过程，只看到停车，有人员在车旁 两车贴近停靠，有两人在查看车辆碰撞情况/交涉,no_process_parking_with_person,person_handling|person_present|two_or_more_close,keep,post_incident_handling,yes,post_incident_handling,,多车事故,2024年06月25日星期二09:00:04至09:00:09期间，在上行水产路入口匝道03路段，发生了一起多车事故。视频显示，事故区域位于高速公路右侧车道，涉事车辆包括一辆白色面包车和一辆白色轿车，两车在行驶过程中发生碰撞并停靠在中间车道上。事故导致该车道交通流受阻，后方车辆被迫减速或变道绕行，造成短时拥堵。此外，有人员下车查看情况，进一步加剧了交通影响。,碰撞|人员下车|下车查看,,True,True,False,construction_context,,0.8844,0.7109,0.2137,0.3486,0.0,10,7,0,25
57,35724773,多车事故_20240625161301_突发事件_35724773.mp4,多车事故,无碰撞过程，只看到停车，有人员在车旁，视频后段车开走 两车贴近停靠，有两人在查看车辆碰撞情况/交涉,no_process_parking_with_person,drive_away|person_handling|person_present|two_or_more_close,review,post_incident_handling_needs_confirmation,yes,post_incident_handling,,异常停车,2024年6月25日15时12分，在外环高速北翟路立交北侧路段，道路上有不明物体，该物体位于行车道中央，呈扁平状，颜色较深，疑似为抛洒物。由于车辆行驶速度较快，且多辆货车和轿车在经过该区域时均未发生明显避让或急刹行为，但部分车辆会产生轻微摆动，导致该区域交通流出现短暂受阻。该抛洒物未被及时清理，可能对后方车辆造成安全隐患，尤其在雨天湿滑路面上，风险更高。整个,,,True,True,False,construction_context,,0.7141,0.5041,0.4604,0.5291,0.0449,3,4,0,29
58,35722317,多车事故_20240624164123_突发事件_35722317.mp4,多车事故,无碰撞过程，只看到停车，有人员在车旁，画面不清晰 两车贴近停靠，有多人在查看车辆碰撞情况/交涉，但画面极不清晰且镜头原因车辆重叠,no_process_parking_with_person,low_quality|overlap_angle|person_handling|person_present|two_or_more_close,review,post_incident_handling_but_visual_weak,uncertain,post_incident_handling_visual_weak,,拥堵,2024年3月24日18时41分至18时42分，嘉闵西侧定焦09监控点位显示，隧道内双向车道出现持续性交通拥堵。现场多辆小客车、货车及一辆黄色校车在车道内缓慢行驶或完全停止，车流密集且车辆间距极小，尾灯连成一片，表明通行速度极低。涉事车辆包括黑色轿车、白色SUV、红色轿车、银色面包车及多辆私家车，均处于低速移动状态，未见明显事故或异常停车情况。由于车流量大且,,未见明显事故,True,True,False,no_pair_after_area_filter,,,,,,,,2,,23
59,35604414,,,无碰撞过程，只看到停车，有人员在车旁 两车贴近停靠，有两人在查看车辆碰撞情况/交涉，存在事故证据,no_process_parking_with_person,explicit_evidence|person_handling|person_present|two_or_more_close,review,post_incident_handling_needs_confirmation,yes,post_incident_handling_with_evidence,,,,,,False,,,,,,,,,,,,,
60,35609000,,,无碰撞过程，只看到停车，有人员在车旁，画面不清晰，视频最后车开走 两车贴近停靠，有两人在查看车辆碰撞情况/交涉，但画面极不清晰且镜头原因车辆高度重叠,no_process_parking_with_person,drive_away|low_quality|overlap_angle|person_handling|person_present|two_or_more_close,review,post_incident_handling_but_visual_weak,uncertain,post_incident_handling_visual_weak,,,,,,False,,,,,,,,,,,,,
61,35608617,,,看不到事故可疑车辆,cannot_see_suspect_vehicle,no_evidence,drop,invalid_or_unverifiable,no,cannot_see_target,,,,,,False,,,,,,,,,,,,,
62,35607015,,,无碰撞过程，只看到停车，有人员在车旁 两车贴近停靠，有两人在查看车辆碰撞情况/交涉，但由于镜头原因一辆车只露出一部分（处在画面边缘）,no_process_parking_with_person,edge_or_small|overlap_angle|person_handling|person_present|small_or_edge|two_or_more_close,review,post_incident_handling_but_visual_weak,uncertain,post_incident_handling_visual_weak,,,,,,False,,,,,,,,,,,,,
63,35604170,,,无碰撞过程，只看到停车，有人员在车旁 两车贴近停靠，有两人在查看车辆碰撞情况/交涉,no_process_parking_with_person,person_handling|person_present|two_or_more_close,review,post_incident_handling_needs_confirmation,yes,post_incident_handling,,,,,,False,,,,,,,,,,,,,
64,35605552,,,无碰撞过程，只看到停车，有人员在车旁，俩辆车相隔远 两车相隔较远，有两人在其中一辆车旁查看车辆碰撞情况/交涉,no_process_parking_with_person,far_apart|far_or_unclear_relation|person_handling|person_present,review,post_incident_handling_but_visual_weak,uncertain,far_but_handling,,,,,,False,,,,,,,,,,,,,
65,35604270,多车事故_20240518114604_突发事件_35604270.mp4,多车事故,无碰撞过程，只看到停车，有人员在车旁 两车贴近停靠，有两人在查看车辆碰撞情况/交涉,no_process_parking_with_person,person_handling|person_present|two_or_more_close,keep,post_incident_handling,yes,post_incident_handling,,多车事故,2024年5月18日星期六11时45分至11时46分，位于城市高架道路主干道上，靠近右侧匝道入口处发生多车事故。涉事车辆包括一辆轿车和一辆SUV，其中一辆白色SUV与前方轿车发生追尾碰撞，导致车辆横向偏移并阻塞了右侧车道。事故现场有人员下车查看情况，部分车辆停靠在行车道内未及时撤离，导致该路段交通流明显受阻，车辆行驶缓慢，出现短时拥堵现象。异常特征表现为车辆,碰撞|追尾|人员下车|下车查看|斜停|横跨,,True,True,False,score_below_threshold,,0.621,0.4406,0.6168,0.4954,0.429,5,7,0,46
66,35606264,,,无碰撞过程，只看到停车，有人员在车旁，但车辆损毁严重 两车相隔较远，有两人在查看车辆碰撞情况/交涉，有明显车损/碰撞痕迹,no_process_but_damage_trace,damage_trace|explicit_evidence|far_or_unclear_relation|person_handling|person_present,keep,no_process_but_damage_trace,yes,damage_trace,,,,,,False,,,,,,,,,,,,,
67,35610485,,,无碰撞过程，只看到停车，有人员在车旁，视频最后车开走 两车贴近停靠，有两人在查看车辆碰撞情况/交涉,no_process_parking_with_person,drive_away|person_handling|person_present|two_or_more_close,review,post_incident_handling_needs_confirmation,yes,post_incident_handling,,,,,,False,,,,,,,,,,,,,
68,35609600,,,无碰撞过程，只看到停车，有人员在车旁 两车贴近停靠，有两人在查看车辆碰撞情况/交涉,no_process_parking_with_person,person_handling|person_present|two_or_more_close,review,post_incident_handling_needs_confirmation,yes,post_incident_handling,,,,,,False,,,,,,,,,,,,,
69,35616242,,,无碰撞过程，只看到停车，有人员在车旁，但处在画面边缘 两车贴近停靠，有一人在查看车辆碰撞情况/交涉，但由于镜头画面原因极不清晰，所占画面小且事故车辆高度重叠,no_process_parking_with_person,edge_or_small|low_quality|overlap_angle|person_handling|person_present|small_or_edge|two_or_more_close,review,post_incident_handling_but_visual_weak,uncertain,post_incident_handling_visual_weak,,,,,,False,,,,,,,,,,,,,
70,35615516,,,无碰撞过程，只看到停车，有人员在车旁 两车贴近停靠，有一人在查看车辆碰撞情况/交涉,no_process_parking_with_person,person_handling|person_present|two_or_more_close,review,post_incident_handling_needs_confirmation,yes,post_incident_handling,,,,,,False,,,,,,,,,,,,,
71,35598207,,,无碰撞过程，只看到停车，有人员在车旁 两车贴近停靠，有两人在查看车辆碰撞情况/交涉,no_process_parking_with_person,person_handling|person_present|two_or_more_close,review,post_incident_handling_needs_confirmation,yes,post_incident_handling,,,,,,False,,,,,,,,,,,,,
72,35603638,,,无碰撞过程，只看到停车，有人员在车旁 两车贴近停靠，有两人在查看车辆碰撞情况/交涉，但画面较模糊,no_process_parking_with_person,low_quality|person_handling|person_present|two_or_more_close,review,post_incident_handling_but_visual_weak,uncertain,post_incident_handling_visual_weak,,,,,,False,,,,,,,,,,,,,
73,35600370,,,无碰撞过程，只看到停车，有人员在车旁 两车贴近停靠，有两人在查看车辆碰撞情况/交涉，但画面较模糊且所占画面小,no_process_parking_with_person,edge_or_small|low_quality|person_handling|person_present|small_or_edge|two_or_more_close,review,post_incident_handling_but_visual_weak,uncertain,post_incident_handling_visual_weak,,,,,,False,,,,,,,,,,,,,
74,35599172,,,无碰撞过程，只看到停车，有人员在车旁 两车贴近停靠，有多人在查看车辆碰撞情况/交涉,no_process_parking_with_person,person_handling|person_present|two_or_more_close,review,post_incident_handling_needs_confirmation,yes,post_incident_handling,,,,,,False,,,,,,,,,,,,,
75,35597769,多车事故_20240516171701_突发事件_35597769.mp4,多车事故,无碰撞过程，只看到停车，有人员在车旁 两车贴近停靠，有多人在查看车辆碰撞情况/交涉，但由于镜头画面原因极不清晰，所占画面小且事故车辆高度重叠,no_process_parking_with_person,edge_or_small|low_quality|overlap_angle|person_handling|person_present|small_or_edge|two_or_more_close,review,post_incident_handling_but_visual_weak,uncertain,post_incident_handling_visual_weak,,异常停车,2024年5月16日17时16分55秒，在嘉闵西侧定焦13路段，一辆白色轿车在最右侧车道完全静止，驾驶员下车后在车旁停留并进行操作，车辆开启双闪灯，后方车辆被迫减速绕行，导致该车道出现拥堵现象。该行为符合异常停车判断标准，存在安全隐患，影响了正常交通秩序。,双闪,,True,True,False,score_below_threshold,,0.5743,0.5134,0.4864,0.4868,0.0,3,7,0,22
76,35700753,多车事故_20240613090315_突发事件_35700753.mp4,多车事故,无碰撞过程，只看到停车，有人员在车旁 两车贴近停靠，有两人在查看车辆碰撞情况/交涉,no_process_parking_with_person,person_handling|person_present|two_or_more_close,keep,post_incident_handling,yes,post_incident_handling,,拥堵,2024年06月13日09:03:10至09:04:08，在某高速公路路段，发生了一起多车事故。涉事车辆包括一辆白色面包车和一辆白色轿车，这些车辆在行驶过程中发生了碰撞，导致车辆位置异常，其中白色面包车斜停于车道中，白色轿车则紧随其后。事故现场有人员下车交涉，其中一名人员站在事故车辆旁，另一名人员在后方车辆旁指挥或查看情况。此次事故导致后方车辆被迫减速或绕行,碰撞|人员下车|下车交涉|斜停,,True,True,False,construction_context,,0.6563,0.7697,0.037,0.3235,0.0,3,7,0,52
77,35701425,,,无碰撞过程，只看到停车，有人员在车旁 两车贴近停靠，有一人在查看车辆碰撞情况/交涉,no_process_parking_with_person,person_handling|person_present|two_or_more_close,review,post_incident_handling_needs_confirmation,yes,post_incident_handling,,,,,,False,,,,,,,,,,,,,
78,35703757,多车事故_20240614081549_突发事件_35703757.mp4,多车事故,无碰撞过程，只看到停车，有人员在车旁 两车贴近停靠，有两人在查看车辆碰撞情况/交涉,no_process_parking_with_person,person_handling|person_present|two_or_more_close,review,post_incident_handling_needs_confirmation,yes,post_incident_handling,,异常停车,2024年6月14日08时15分至08时16分，外环高速吴淞江桥南路段，一辆白色轿车在最右侧应急车道停靠，车辆未开启，持续时间超过30秒，符合异常停车行为。,,,True,True,False,score_below_threshold,,0.36,0.719,0.3688,0.1479,0.0,3,11,0,47
79,35569583,,,无碰撞过程，只看到停车，有人员在车旁 两车贴近停靠，有两人在查看车辆碰撞情况/交涉，但由于镜头画面原因所占画面小且事故车辆高度重叠,no_process_parking_with_person,edge_or_small|overlap_angle|person_handling|person_present|small_or_edge|two_or_more_close,review,post_incident_handling_but_visual_weak,uncertain,post_incident_handling_visual_weak,,,,,,False,,,,,,,,,,,,,
80,35569268,,,无碰撞过程，只看到停车，有人员在车旁，但处在画面边缘 两车贴近停靠，有两人在查看车辆碰撞情况/交涉，但由于镜头原因一辆车只露出一部分（处在画面边缘）,no_process_parking_with_person,edge_or_small|overlap_angle|person_handling|person_present|small_or_edge|two_or_more_close,review,post_incident_handling_but_visual_weak,uncertain,post_incident_handling_visual_weak,,,,,,False,,,,,,,,,,,,,
81,35636288,,,无碰撞过程，只看到停车，有人员在车旁，俩辆车最开始停在路中间，然后开到边上停下 两车贴近停靠，有两人在查看车辆碰撞情况/交涉,no_process_parking_with_person,person_handling|person_present|two_or_more_close,review,post_incident_handling_needs_confirmation,yes,post_incident_handling,,,,,,False,,,,,,,,,,,,,
82,35630731,,,无碰撞过程，只看到停车，有人员在车旁 两车贴近停靠，有两人在查看车辆碰撞情况/交涉，存在事故证据,no_process_parking_with_person,explicit_evidence|person_handling|person_present|two_or_more_close,review,post_incident_handling_needs_confirmation,yes,post_incident_handling_with_evidence,,,,,,False,,,,,,,,,,,,,
83,35631807,,,无碰撞过程，只看到停车，有人员在车旁，俩辆车最开始停在路中间，然后开到边上停下 两车贴近停靠，有两人在查看车辆碰撞情况/交涉,no_process_parking_with_person,person_handling|person_present|two_or_more_close,review,post_incident_handling_needs_confirmation,yes,post_incident_handling,,,,,,False,,,,,,,,,,,,,
84,35631179,,,无碰撞过程，只看到停车，无人员在车旁 只看到停车，无人员，无明显事故证据,no_process_parking_no_person,explicit_no_person|no_evidence,drop,parking_without_handling_evidence,no,weak_evidence,,,,,,False,,,,,,,,,,,,,
85,35633052,,,无碰撞过程，只看到停车，有人员在车旁 两车贴近停靠，有多人在查看车辆碰撞情况/交涉,no_process_parking_with_person,person_handling|person_present|two_or_more_close,review,post_incident_handling_needs_confirmation,yes,post_incident_handling,,,,,,False,,,,,,,,,,,,,
86,35589992,,,无碰撞过程，只看到停车，有人员在车旁 两车贴近停靠，有两人在查看车辆碰撞情况/交涉，存在事故证据,no_process_parking_with_person,explicit_evidence|person_handling|person_present|two_or_more_close,review,post_incident_handling_needs_confirmation,yes,post_incident_handling_with_evidence,,,,,,False,,,,,,,,,,,,,
87,35585897,,,无碰撞过程，只看到停车，有人员在车旁 两车贴近停靠，有两人在查看车辆碰撞情况/交涉，但由于镜头原因画面不清晰且所占画面小,no_process_parking_with_person,edge_or_small|low_quality|overlap_angle|person_handling|person_present|small_or_edge|two_or_more_close,review,post_incident_handling_but_visual_weak,uncertain,post_incident_handling_visual_weak,,,,,,False,,,,,,,,,,,,,
88,35585225,,,无碰撞过程，只看到停车，有人员在车旁 三车贴近停靠，有多人在查看车辆碰撞情况/交涉,no_process_parking_with_person,person_handling|person_present|two_or_more_close,review,post_incident_handling_needs_confirmation,yes,post_incident_handling,,,,,,False,,,,,,,,,,,,,
89,35584031,,,无碰撞过程，只看到停车，有人员在车旁 两车贴近停靠，有多人在查看车辆碰撞情况/交涉,no_process_parking_with_person,person_handling|person_present|two_or_more_close,review,post_incident_handling_needs_confirmation,yes,post_incident_handling,,,,,,False,,,,,,,,,,,,,
90,35588600,,,无碰撞过程，只看到停车，有人员在车旁 两车贴近停靠，有两人在查看车辆碰撞情况/交涉,no_process_parking_with_person,person_handling|person_present|two_or_more_close,review,post_incident_handling_needs_confirmation,yes,post_incident_handling,,,,,,False,,,,,,,,,,,,,
91,35584605,,,无碰撞过程，只看到停车，有人员在车旁 两车贴近停靠，有两人在查看车辆碰撞情况/交涉，但由于镜头原因画面不清晰且所占画面小，存在事故证据,no_process_parking_with_person,edge_or_small|explicit_evidence|low_quality|overlap_angle|person_handling|person_present|small_or_edge|two_or_more_close,review,post_incident_handling_but_visual_weak,yes,post_incident_handling_with_evidence,,,,,,False,,,,,,,,,,,,,
92,35588011,,,无碰撞过程，只看到停车，有人员在车旁 两车贴近停靠，有两人在查看车辆碰撞情况/交涉,no_process_parking_with_person,person_handling|person_present|two_or_more_close,review,post_incident_handling_needs_confirmation,yes,post_incident_handling,,,,,,False,,,,,,,,,,,,,
93,35653266,,,无碰撞过程，只看到停车，有人员在车旁 两车贴近停靠，有两人在查看车辆碰撞情况/交涉,no_process_parking_with_person,person_handling|person_present|two_or_more_close,review,post_incident_handling_needs_confirmation,yes,post_incident_handling,,,,,,False,,,,,,,,,,,,,
94,35654829,多车事故_20240530152809_突发事件_35654829.mp4,多车事故,无碰撞过程，只看到停车，有人员在车旁 两车相隔较近，有两人在查看车辆碰撞情况/交涉，存在事故证据,no_process_parking_with_person,explicit_evidence|person_handling|person_present|two_or_more_close,keep,post_incident_handling,yes,post_incident_handling_with_evidence,,异常停车,2024年5月30日15时28分05秒至15时29分03秒，外环高速莘朱路路段，一辆灰色轿车在最左侧车道内完全静止，车辆未开启双闪灯，驾驶员下车后在车旁停留并有弯腰动作，疑似检查车辆状况，该行为导致后方车辆被迫减速绕行，影响了正常交通流，且无交通信号灯或标志允许停车，存在明显异常停车特征。,双闪,,True,True,False,score_below_threshold,,0.6645,0.5766,0.3997,0.4458,0.0,12,11,0,35
95,35655292,,,无碰撞过程，只看到停车，有人员在车旁，画面不清晰 两车贴近停靠，有多人在查看车辆碰撞情况/交涉，但由于镜头原因画面不清晰,no_process_parking_with_person,low_quality|overlap_angle|person_handling|person_present|two_or_more_close,review,post_incident_handling_but_visual_weak,uncertain,post_incident_handling_visual_weak,,,,,,False,,,,,,,,,,,,,
96,35650719,,,无碰撞过程，只看到停车，有人员在车旁 两车贴近停靠，有多人在查看车辆碰撞情况/交涉，但由于镜头原因画面不清晰,no_process_parking_with_person,low_quality|overlap_angle|person_handling|person_present|two_or_more_close,review,post_incident_handling_but_visual_weak,uncertain,post_incident_handling_visual_weak,,,,,,False,,,,,,,,,,,,,
97,35654306,,,无碰撞过程，只看到停车，有人员在车旁 三车贴近停靠，有多人在查看车辆碰撞情况/交涉，但由于镜头原因所占画面小，事故车辆重叠,no_process_parking_with_person,edge_or_small|overlap_angle|person_handling|person_present|small_or_edge|two_or_more_close,review,post_incident_handling_but_visual_weak,uncertain,post_incident_handling_visual_weak,,,,,,False,,,,,,,,,,,,,
98,35654638,多车事故_20240530145601_突发事件_35654638.mp4,多车事故,无碰撞过程，只看到停车，有人员在车旁 两车贴近停靠，有多人在查看车辆碰撞情况/交涉，但由于镜头原因画面不清晰,no_process_parking_with_person,low_quality|overlap_angle|person_handling|person_present|two_or_more_close,review,post_incident_handling_but_visual_weak,uncertain,post_incident_handling_visual_weak,,拥堵,2024年5月30日14时59分30秒，在外环高速蕴川立交西枪机2监控点位，多辆机动车在行驶过程中，未见明显驾驶员下车行为，但随后车辆整体缓慢移动，形成短暂拥堵。涉事车辆包括多辆轿车、货车及厢式车，其中一辆红色货车和一辆白色厢式货车在车流中较为突出。由于车辆密集且通行缓慢，导致后方车辆排队长度逐渐增加，影响了道路通行效率，符合拥堵判断标准中的多辆车缓慢移动、,,,True,True,False,score_below_threshold,,0.5874,0.5545,0.2977,0.5552,0.1519,3,7,0,32
99,35650206,,,无碰撞过程，只看到停车，有人员在车旁 两车贴近停靠，有一人在查看车辆碰撞情况/交涉,no_process_parking_with_person,person_handling|person_present|two_or_more_close,review,post_incident_handling_needs_confirmation,yes,post_incident_handling,,,,,,False,,,,,,,,,,,,,
100,35655700,,,无碰撞过程，只看到停车，有人员在车旁 两车贴近停靠，有多人在查看车辆碰撞情况/交涉,no_process_parking_with_person,person_handling|person_present|two_or_more_close,review,post_incident_handling_needs_confirmation,yes,post_incident_handling,,,,,,False,,,,,,,,,,,,,
101,35651028,,,无碰撞过程，只看到停车，有人员在车旁，俩辆车相隔远 两车相隔较远，有两人在其中一辆车旁查看车辆碰撞情况/交涉,no_process_parking_with_person,far_apart|far_or_unclear_relation|person_handling|person_present,review,post_incident_handling_but_visual_weak,uncertain,far_but_handling,,,,,,False,,,,,,,,,,,,,
102,35653363,多车事故_20240530085706_突发事件_35653363.mp4,多车事故,无碰撞过程，只看到停车，无人员在车旁 两车相隔较近，只看到停车，无人员，无明显事故证据,no_process_parking_no_person,explicit_no_person|no_evidence|two_or_more_close,review,no_person_but_some_accident_evidence,no,weak_evidence,,拥堵,2024年5月30日08:56至08:57，在外环高速顾戴路北（内）路段，发生了一起多车事故。涉事车辆包括一辆白色面包车和一辆黑色轿车，这些车辆在行驶过程中发生了碰撞，导致车辆位置异常，其中白色面包车斜停在车道上，黑色轿车在其前方。事故现场有人员下车交涉，其他车辆被迫紧急避让或停滞，造成了交通拥堵。此次事故的异常特征在于多辆车同时受困，且事故区域内的车辆行为,碰撞|人员下车|下车交涉|斜停,,True,True,True,lcrm_lite_core,strong,0.7804,0.6698,0.3376,0.3226,0.0,3,4,0,37
103,35655332,,,无碰撞过程，只看到停车，有人员在车旁，但摄像头被树叶遮挡 两车贴近停靠，有多人在查看车辆碰撞情况/交涉,no_process_parking_with_person,occluded|person_handling|person_present|two_or_more_close,review,post_incident_handling_but_visual_weak,uncertain,post_incident_handling_visual_weak,,,,,,False,,,,,,,,,,,,,
104,35651500,,,无碰撞过程，只看到停车，有人员在车旁 两车相隔较近，有两人在查看车辆碰撞情况/交涉，存在事故证据,no_process_parking_with_person,explicit_evidence|person_handling|person_present|two_or_more_close,review,post_incident_handling_needs_confirmation,yes,post_incident_handling_with_evidence,,,,,,False,,,,,,,,,,,,,
105,35629283,,,无碰撞过程，只看到停车，有人员在车旁 两车相隔较近，有两人在查看车辆碰撞情况/交涉,no_process_parking_with_person,person_handling|person_present|two_or_more_close,review,post_incident_handling_needs_confirmation,yes,post_incident_handling,,,,,,False,,,,,,,,,,,,,
106,35627366,,,无碰撞过程，只看到停车，有人员在车旁，视频最后车开走 两车贴近停靠，有一人在查看车辆碰撞情况/交涉，但出现时间短,no_process_parking_with_person,drive_away|person_handling|person_present|short_duration|two_or_more_close,review,post_incident_handling_needs_confirmation,yes,post_incident_handling,,,,,,False,,,,,,,,,,,,,
107,35628681,多车事故_20240523200201_突发事件_35628681.mp4,多车事故,无碰撞过程，只看到停车，有人员在车旁 两车相隔较近，有两人在查看车辆碰撞情况/交涉,no_process_parking_with_person,person_handling|person_present|two_or_more_close,keep,post_incident_handling,yes,post_incident_handling,,多车事故,2024年5月23日20时01分56秒至20时02分56秒，外环高速吴淞江桥路段发生一起多车事故。事故发生在夜间，监控画面显示该路段车流量较大，车辆行驶缓慢。在右侧车道中，一辆白色轿车与前方货车发生追尾。涉事车辆包括白色轿车、白色厢式货车及一辆黑色集装箱货车，均处于异常停车状态，导致后方车辆被迫减速绕行，形成明显拥堵。事故现场有人员下车交涉，但后方车辆出现紧,碰撞|追尾|人员下车|下车交涉,,True,True,False,static_count_below_threshold,,,,,,,,1,,19
108,35626596,,,无碰撞过程，只看到停车，有人员在车旁，画面不清晰 有多人在查看车辆碰撞情况/交涉，但我只看到单车，画面极不清晰,no_process_parking_with_person,low_quality|person_handling|person_present|single_vehicle,review,post_incident_handling_but_visual_weak,uncertain,single_vehicle_but_evidence,,,,,,False,,,,,,,,,,,,,
109,35596058,,,无碰撞过程，只看到停车，有人员在车旁，视频最后车开走 两车贴近停靠，有两人在查看车辆碰撞情况/交涉,no_process_parking_with_person,drive_away|person_handling|person_present|two_or_more_close,review,post_incident_handling_needs_confirmation,yes,post_incident_handling,,,,,,False,,,,,,,,,,,,,
110,35592161,,,无碰撞过程，只看到停车，有人员在车旁，但所占画面较小 两车贴近停靠，有两人在查看车辆碰撞情况/交涉，但由于镜头原因画面不清晰所占画面小,no_process_parking_with_person,edge_or_small|low_quality|overlap_angle|person_handling|person_present|small_or_edge|two_or_more_close,review,post_incident_handling_but_visual_weak,uncertain,post_incident_handling_visual_weak,,,,,,False,,,,,,,,,,,,,
111,35593390,,,无碰撞过程，只看到停车，有人员在车旁，但所占画面较小且画面不清晰 两车贴近停靠，有多人在查看车辆碰撞情况/交涉，但由于镜头原因画面极不清晰所占画面小，且事故车辆重叠,no_process_parking_with_person,edge_or_small|low_quality|overlap_angle|person_handling|person_present|small_or_edge|two_or_more_close,review,post_incident_handling_but_visual_weak,uncertain,post_incident_handling_visual_weak,,,,,,False,,,,,,,,,,,,,
112,35591684,,,无碰撞过程，只看到停车，有人员在车旁，在画面边缘 两车贴近停靠，有多人在查看车辆碰撞情况/交涉，但由于镜头原因一辆车只露出一部分（处在画面边缘）,no_process_parking_with_person,edge_or_small|overlap_angle|person_handling|person_present|small_or_edge|two_or_more_close,review,post_incident_handling_but_visual_weak,uncertain,post_incident_handling_visual_weak,,,,,,False,,,,,,,,,,,,,
113,35596179,,,无碰撞过程，只看到停车，有人员在车旁 两车贴近停靠，有两人在查看车辆碰撞情况/交涉,no_process_parking_with_person,person_handling|person_present|two_or_more_close,review,post_incident_handling_needs_confirmation,yes,post_incident_handling,,,,,,False,,,,,,,,,,,,,
114,35662841,,,无碰撞过程，只看到停车，有人员在车旁，但在画面边缘且画面不清晰 两车贴近停靠，有两人在查看车辆碰撞情况/交涉，但由于镜头原因一辆车只露出一部分（处在画面边缘）且画面不清晰,no_process_parking_with_person,edge_or_small|low_quality|overlap_angle|person_handling|person_present|small_or_edge|two_or_more_close,review,post_incident_handling_but_visual_weak,uncertain,post_incident_handling_visual_weak,,,,,,False,,,,,,,,,,,,,
115,35662777,,,无碰撞过程，只看到停车，有人员在车旁 两车贴近停靠，有一人在查看车辆碰撞情况/交涉,no_process_parking_with_person,person_handling|person_present|two_or_more_close,review,post_incident_handling_needs_confirmation,yes,post_incident_handling,,,,,,False,,,,,,,,,,,,,
116,35665088,,,无碰撞过程，只看到停车，无人员在车旁 两车贴近停靠，但无人员信息和明显事故证据,no_process_parking_no_person,explicit_no_person|two_or_more_close,drop,parking_without_handling_evidence,no,parking_no_person_no_evidence,,,,,,False,,,,,,,,,,,,,
117,35667235,,,无碰撞过程，只看到停车，有人员在车旁 两车相隔较远，有多人在其中一辆车旁查看车辆碰撞情况/交涉，存在事故证据,no_process_parking_with_person,explicit_evidence|far_or_unclear_relation|person_handling|person_present,review,post_incident_handling_needs_confirmation,yes,post_incident_handling_with_evidence,,,,,,False,,,,,,,,,,,,,
118,35719202,,,无碰撞过程，只看到停车，有人员在车旁，在画面边缘 两车贴近停靠，有两人在查看车辆碰撞情况/交涉,no_process_parking_with_person,edge_or_small|person_handling|person_present|small_or_edge|two_or_more_close,review,post_incident_handling_but_visual_weak,uncertain,post_incident_handling_visual_weak,,,,,,False,,,,,,,,,,,,,
119,35719823,,,无碰撞过程，只看到停车，有人员在车旁 两车贴近停靠，有多人在查看车辆碰撞情况/交涉,no_process_parking_with_person,person_handling|person_present|two_or_more_close,review,post_incident_handling_needs_confirmation,yes,post_incident_handling,,,,,,False,,,,,,,,,,,,,
120,35719212,多车事故_20240623031336_突发事件_35719212.mp4,多车事故,无碰撞过程，只看到停车，有人员在车旁，随后车开走，但在画面边缘且画面不清晰 两车贴近停靠，有两人在查看车辆碰撞情况/交涉，但画面极不清晰,no_process_parking_with_person,drive_away|edge_or_small|low_quality|person_handling|person_present|small_or_edge|two_or_more_close,review,post_incident_handling_but_visual_weak,uncertain,post_incident_handling_visual_weak,,异常停车,2024年6月23日03时13分至03时14分，外环高速京沪立交南2枪机1监控画面显示，夜间雨天路面湿滑，多辆机动车在双向车道上正常行驶。在右侧车道中，一辆白色轿车在右侧应急车道内长时间静止不动，且无驾驶员下车或明显故障迹象，周围其他车辆正常行驶，部分车辆在经过该车时有轻微变道避让行为，表明该车存在异常停车情况，影响了应急车道的正常使用，构成交通安全隐患。,,正常行驶,True,True,False,static_count_below_threshold,,,,,,,,1,,14
121,35719204,,,无碰撞过程，只看到停车，有人员在车旁 两车相隔较近，有两人在查看车辆碰撞情况/交涉,no_process_parking_with_person,person_handling|person_present|two_or_more_close,review,post_incident_handling_needs_confirmation,yes,post_incident_handling,,,,,,False,,,,,,,,,,,,,
122,35577380,多车事故_20240510091315_突发事件_35577380.mp4,多车事故,无碰撞过程，只看到停车，有人员在车旁 两车贴近停靠，有两人在查看车辆碰撞情况/交涉,no_process_parking_with_person,person_handling|person_present|two_or_more_close,review,post_incident_handling_needs_confirmation,yes,post_incident_handling,,拥堵,2023年11月9日10时10分至10时11分，S20内至G60出省方向的高架道路出现交通拥堵事件。该路段位于通往杭州方向（G60）与浦东机场方向（S20）的交汇处附近，道路两侧有绿化带和指示牌，上方为跨线桥。视频显示，多辆小轿车、货车及厢式货车在车道上缓慢行驶或停滞，车流密集且持续时间较长，车辆间距明显缩小，部分车辆处于低速蠕动状态，未见明显事故或障碍物。,,未见明显事故|正常行驶,True,True,False,no_pair_after_area_filter,,,,,,,,4,,24
123,35576564,,,无碰撞过程，只看到停车，有人员在车旁 两车贴近停靠，有两人在查看车辆碰撞情况/交涉，但由于镜头原因事故车辆高度重叠且所占画面小,no_process_parking_with_person,edge_or_small|overlap_angle|person_handling|person_present|small_or_edge|two_or_more_close,review,post_incident_handling_but_visual_weak,uncertain,post_incident_handling_visual_weak,,,,,,False,,,,,,,,,,,,,
124,35576227,,,无碰撞过程，只看到停车，有人员在车旁 两车贴近停靠，有多人在查看车辆碰撞情况/交涉，但由于镜头原因所占画面小,no_process_parking_with_person,edge_or_small|overlap_angle|person_handling|person_present|small_or_edge|two_or_more_close,review,post_incident_handling_but_visual_weak,uncertain,post_incident_handling_visual_weak,,,,,,False,,,,,,,,,,,,,
125,35581229,,,无碰撞过程，只看到停车，有人员在车旁，随后车开走 两车相隔较近，有两人在查看车辆碰撞情况/交涉,no_process_parking_with_person,drive_away|person_handling|person_present|two_or_more_close,review,post_incident_handling_needs_confirmation,yes,post_incident_handling,,,,,,False,,,,,,,,,,,,,
126,35578516,,,无碰撞过程，只看到停车，有人员在车旁  两车贴近停靠，有两人在查看车辆碰撞情况/交涉,no_process_parking_with_person,person_handling|person_present|two_or_more_close,review,post_incident_handling_needs_confirmation,yes,post_incident_handling,,,,,,False,,,,,,,,,,,,,
127,35658081,多车事故_20240531123535_突发事件_35658081.mp4,多车事故,无碰撞过程，只看到停车，有人员在车旁，随后车开走 两车贴近停靠，有一人在查看车辆碰撞情况/交涉,no_process_parking_with_person,drive_away|person_handling|person_present|two_or_more_close,keep,post_incident_handling,yes,post_incident_handling,,异常停车,2024年5月31日12时58分至12时59分，外环高速吴淞江桥南路段出现异常停车事件。一辆白色厢式货车在右侧应急车道内完全静止，车辆未开启双闪灯，且无明显故障迹象，驾驶员不在车内。该车停靠位置导致后方多辆货车及小客车被迫减速绕行，造成短时通行受阻。周围车辆行驶缓慢，部分车辆变道避让，影响了该路段的正常交通流。此行为符合异常停车判断标准中的多项特征：车辆在非,双闪,,True,True,False,construction_context,,0.3491,0.4396,0.4614,0.6443,0.3308,10,8,0,51
128,35661518,,,无碰撞过程，只看到停车，有人员在车旁，但在画面边缘 两车相隔较近，有一人在查看车辆碰撞情况/交涉，但由于镜头原因一辆车只露出一部分（处在画面边缘），存在事故证据,no_process_parking_with_person,edge_or_small|explicit_evidence|overlap_angle|person_handling|person_present|small_or_edge|two_or_more_close,review,post_incident_handling_but_visual_weak,yes,post_incident_handling_with_evidence,,,,,,False,,,,,,,,,,,,,
129,35659222,多车事故_20240531162316_突发事件_35659222.mp4,多车事故,无碰撞过程，只看到停车，有人员在车旁，但在画面边缘 两车贴近停靠，有一人在查看车辆碰撞情况/交涉（拍照），但由于镜头原因画面不清晰,no_process_parking_with_person,edge_or_small|low_quality|overlap_angle|person_handling|person_present|small_or_edge|two_or_more_close,review,post_incident_handling_but_visual_weak,uncertain,post_incident_handling_visual_weak,,异常停车,2024年5月31日16时23分至16时24分，嘉闵西侧定焦07监控点位拍摄到隧道内发生多车事故。事故发生在隧道中段，涉事车辆包括一辆白色货车、一辆白色轿车。视频显示，俩辆车已经发生事故，在最右侧车道停靠，疑似白色轿车追尾白色货车。事故造成右侧车道车辆明显拥堵，部分车辆横向偏移，存在碰撞痕迹，且有人员下车交涉，符合多车事故特征。事故影响了隧道内双向交通流，引,碰撞|追尾|人员下车|下车交涉,,True,True,False,no_pair_after_area_filter,,,,,,,,4,,16
130,35658657,,,无碰撞过程，只看到停车，有人员在车旁 两车相隔较远，有两人在查看车辆碰撞情况/交涉,no_process_parking_with_person,far_or_unclear_relation|person_handling|person_present,review,post_incident_handling_needs_confirmation,uncertain,far_but_handling,,,,,,False,,,,,,,,,,,,,
131,35337932,,,无碰撞过程，只看到停车，有人员在车旁 两车相隔较近，有两人在查看车辆碰撞情况/交涉，但由于镜头原因画面不清晰，存在事故证据,no_process_parking_with_person,explicit_evidence|low_quality|overlap_angle|person_handling|person_present|two_or_more_close,review,post_incident_handling_but_visual_weak,yes,post_incident_handling_with_evidence,,,,,,False,,,,,,,,,,,,,
132,35582753,,,无碰撞过程，只看到停车，有人员在车旁，视频后端被大车挡住 两车贴近停靠，有一人在查看车辆碰撞情况/交涉，视频后段事故车辆在镜头中被大车挡住,no_process_parking_with_person,occluded|overlap_angle|person_handling|person_present|two_or_more_close,review,post_incident_handling_but_visual_weak,uncertain,post_incident_handling_visual_weak,,,,,,False,,,,,,,,,,,,,
133,35583445,,,无碰撞过程，只看到停车，有人员在车旁，但在画面边缘 两车贴近停靠，有多人在查看车辆碰撞情况/交涉，但由于镜头原因一辆车只露出一部分（处在画面边缘）,no_process_parking_with_person,edge_or_small|overlap_angle|person_handling|person_present|small_or_edge|two_or_more_close,review,post_incident_handling_but_visual_weak,uncertain,post_incident_handling_visual_weak,,,,,,False,,,,,,,,,,,,,
134,35705422,,,无碰撞过程，只看到停车，有人员在车旁 两车贴近停靠，有一人在查看车辆碰撞情况/交涉,no_process_parking_with_person,person_handling|person_present|two_or_more_close,review,post_incident_handling_needs_confirmation,yes,post_incident_handling,,,,,,False,,,,,,,,,,,,,
135,35705305,,,无碰撞过程，只看到停车，有人员在车旁 两车贴近停靠，有两人在查看车辆碰撞情况/交涉，但由于镜头原因事故车辆高度重叠且所占画面小,no_process_parking_with_person,edge_or_small|overlap_angle|person_handling|person_present|small_or_edge|two_or_more_close,review,post_incident_handling_but_visual_weak,uncertain,post_incident_handling_visual_weak,,,,,,False,,,,,,,,,,,,,
136,35704944,,,无碰撞过程，只看到停车，有人员在车旁 两车贴近停靠，有多人在查看车辆碰撞情况/交涉,no_process_parking_with_person,person_handling|person_present|two_or_more_close,review,post_incident_handling_needs_confirmation,yes,post_incident_handling,,,,,,False,,,,,,,,,,,,,
137,35705258,,,无碰撞过程，只看到停车，有人员在车旁 两车贴近停靠，有多人在查看车辆碰撞情况/交涉,no_process_parking_with_person,person_handling|person_present|two_or_more_close,review,post_incident_handling_needs_confirmation,yes,post_incident_handling,,,,,,False,,,,,,,,,,,,,
138,35705444,,,无碰撞过程，只看到停车，有人员在车旁，但画面极不清晰 两车贴近停靠，有多人在查看车辆碰撞情况/交涉，但画面极度不清晰，很难看,no_process_parking_with_person,low_quality|person_handling|person_present|two_or_more_close,review,post_incident_handling_but_visual_weak,uncertain,post_incident_handling_visual_weak,,,,,,False,,,,,,,,,,,,,
139,35706708,,,无碰撞过程，只看到停车，有人员在车旁 两车贴近停靠，有两人在查看车辆碰撞情况/交涉,no_process_parking_with_person,person_handling|person_present|two_or_more_close,review,post_incident_handling_needs_confirmation,yes,post_incident_handling,,,,,,False,,,,,,,,,,,,,
140,35706881,多车事故_20240615170147_突发事件_35706881.mp4,多车事故,无碰撞过程，只看到停车，有人员在车旁，但画面不清晰 两车贴近停靠，有两人在查看车辆碰撞情况/交涉，但画面不清晰且所占画面小,no_process_parking_with_person,edge_or_small|low_quality|person_handling|person_present|small_or_edge|two_or_more_close,review,post_incident_handling_but_visual_weak,uncertain,post_incident_handling_visual_weak,,拥堵,2024年6月15日17时01分至17时02分，嘉闵西侧定焦05监控点位拍摄到隧道内发生交通拥堵事件。事发地点位于城市高架桥路段，道路两侧设有隔音屏障，车流密集且持续缓慢移动。视频显示，多辆小轿车、SUV及一辆黄色出租车在该路段排队缓行，车辆间距明显缩小，车速显著降低，部分车辆刹车灯亮起，表明车辆处于低速或停滞状态。拥堵主要集中在画面右侧车道，车辆排成长队，,,未见明显事故,True,True,False,no_pair_after_area_filter,,,,,,,,2,,19
141,35706332,,,无碰撞过程，只看到停车，有人员在车旁 两车贴近停靠，有两人在查看车辆碰撞情况/交涉,no_process_parking_with_person,person_handling|person_present|two_or_more_close,review,post_incident_handling_needs_confirmation,yes,post_incident_handling,,,,,,False,,,,,,,,,,,,,
142,35706415,,,无碰撞过程，只看到停车，有人员在车旁，但所占画面小 两车贴近停靠，有两人在查看车辆碰撞情况/交涉，但由于镜头原因所占画面小且事故车辆重叠,no_process_parking_with_person,edge_or_small|overlap_angle|person_handling|person_present|small_or_edge|two_or_more_close,review,post_incident_handling_but_visual_weak,uncertain,post_incident_handling_visual_weak,,,,,,False,,,,,,,,,,,,,
143,35706425,,,无碰撞过程，只看到停车，有人员在车旁 两车贴近停靠，有两人在查看车辆碰撞情况/交涉,no_process_parking_with_person,person_handling|person_present|two_or_more_close,review,post_incident_handling_needs_confirmation,yes,post_incident_handling,,,,,,False,,,,,,,,,,,,,
144,35623247,多车事故_20240522170050_突发事件_35623247.mp4,多车事故,无碰撞过程，只看到停车，无人员在车旁 只看到停车，无人员，无明显事故证据,no_process_parking_no_person,explicit_no_person|no_evidence,drop,parking_without_handling_evidence,no,weak_evidence,,异常停车,2024年5月22日17时00分38秒，在武宁南立交桥B1路段，一辆白色轿车在最右侧车道内完全静止，车辆未开启双闪灯，驾驶员下车后在车旁停留并有弯腰动作，疑似检查车辆故障或处理突发情况。该车停靠位置位于行车道内，非停车区域，且无交通信号灯或标志允许停车，导致后方车辆被迫减速绕行，影响正常通行秩序，构成异常停车事件。,双闪,,True,True,False,score_below_threshold,,0.6151,0.6411,0.3931,0.3212,0.0,3,2,0,14
145,35621658,,,无碰撞过程，只看到停车，有人员在车旁 两车贴近停靠，有多人在查看车辆碰撞情况/交涉,no_process_parking_with_person,person_handling|person_present|two_or_more_close,review,post_incident_handling_needs_confirmation,yes,post_incident_handling,,,,,,False,,,,,,,,,,,,,
146,35669024,,,无碰撞过程，只看到停车，无人员在车旁，但所占画面小，处在画面边缘且不清晰 （该条视频不好用）,no_process_parking_no_person,edge_or_small|explicit_no_person|small_or_edge,drop,parking_without_handling_evidence,no,parking_no_person_no_evidence,,,,,,False,,,,,,,,,,,,,
147,35670812,,,无碰撞过程，只看到停车，有人员在车旁 两车贴近停靠，有一人在查看车辆碰撞情况/交涉,no_process_parking_with_person,person_handling|person_present|two_or_more_close,review,post_incident_handling_needs_confirmation,yes,post_incident_handling,,,,,,False,,,,,,,,,,,,,
148,35670663,,,无碰撞过程，只看到停车，有人员在车旁 两车贴近停靠，有两人在查看车辆碰撞情况/交涉,no_process_parking_with_person,person_handling|person_present|two_or_more_close,review,post_incident_handling_needs_confirmation,yes,post_incident_handling,,,,,,False,,,,,,,,,,,,,
149,35669650,多车事故_20240604063143_突发事件_35669650.mp4,多车事故,无碰撞过程，只看到停车，有人员在车旁，车辆有明显碰撞痕迹 两车相隔较近，有一人在查看车辆碰撞情况/交涉，有明显车损/碰撞痕迹,no_process_but_damage_trace,damage_trace|explicit_evidence|person_handling|person_present|two_or_more_close,keep,no_process_but_damage_trace,yes,damage_trace,,异常停车,2023年12月23日10时58分至10时59分，位于城市高架道路南向车道（靠近曹安公路出口3公里处），一辆白色厢式货车停靠在最右侧车道，驾驶员下车后站在车旁，车辆长时间静止不动，未见明显故障迹象或交通信号允许停车。该车停靠位置位于正常行车道上，非停车区域，且无交通标志允许临时停车，属于异常停车行为。,,,True,True,False,score_below_threshold,,0.7417,0.3544,0.8087,0.4239,1.3386,4,6,0,33
150,35672453,,,无碰撞过程，只看到停车，有人员在车旁，但画面不清晰 两车贴近停靠，有一人在查看车辆碰撞情况/交涉，但由于镜头原因画面极不清晰,no_process_parking_with_person,low_quality|overlap_angle|person_handling|person_present|two_or_more_close,review,post_incident_handling_but_visual_weak,uncertain,post_incident_handling_visual_weak,,,,,,False,,,,,,,,,,,,,
151,35676741,,,无碰撞过程，只看到停车，有人员在车旁 两车贴近停靠，有两人在查看车辆碰撞情况/交涉,no_process_parking_with_person,person_handling|person_present|two_or_more_close,review,post_incident_handling_needs_confirmation,yes,post_incident_handling,,,,,,False,,,,,,,,,,,,,
152,35688084,,,无碰撞过程，只看到停车，有人员在车旁，但画面极不清晰 两车贴近停靠，有两人在查看车辆碰撞情况/交涉，但由于镜头原因画面极不清晰,no_process_parking_with_person,low_quality|overlap_angle|person_handling|person_present|two_or_more_close,review,post_incident_handling_but_visual_weak,uncertain,post_incident_handling_visual_weak,,,,,,False,,,,,,,,,,,,,
153,35685416,,,无碰撞过程，只看到停车，有人员在车旁 两车相隔较近，有两人在查看车辆碰撞情况/交涉，处于镜头画面边缘,no_process_parking_with_person,edge_or_small|overlap_angle|person_handling|person_present|small_or_edge|two_or_more_close,review,post_incident_handling_but_visual_weak,uncertain,post_incident_handling_visual_weak,,,,,,False,,,,,,,,,,,,,
154,35687063,,,无碰撞过程，只看到停车，有人员在车旁 两车贴近停靠，有两人在查看车辆碰撞情况/交涉,no_process_parking_with_person,person_handling|person_present|two_or_more_close,review,post_incident_handling_needs_confirmation,yes,post_incident_handling,,,,,,False,,,,,,,,,,,,,
155,35687061,,,无碰撞过程，只看到停车，有人员在车旁，但处在画面边缘 两车相隔一定距离，有两人在查看车辆碰撞情况/交涉,no_process_parking_with_person,edge_or_small|person_handling|person_present|small_or_edge,review,post_incident_handling_but_visual_weak,uncertain,handling_relation_unclear,,,,,,False,,,,,,,,,,,,,
156,35715630,,,无碰撞过程，只看到停车，有人员在车旁 三车贴近停靠，有多人在查看车辆碰撞情况/交涉，但由于镜头原因画面较小且事故车辆有重叠,no_process_parking_with_person,overlap_angle|person_handling|person_present|two_or_more_close,review,post_incident_handling_needs_confirmation,yes,post_incident_handling,,,,,,False,,,,,,,,,,,,,
157,35714835,,,无碰撞过程，只看到停车，有人员在车旁 两车贴近停靠，有两人在查看车辆碰撞情况/交涉,no_process_parking_with_person,person_handling|person_present|two_or_more_close,review,post_incident_handling_needs_confirmation,yes,post_incident_handling,,,,,,False,,,,,,,,,,,,,
158,35713780,,,无碰撞过程，只看到停车，有人员在车旁，视频后面车开走 两车相隔较近，有两人在查看车辆碰撞情况/交涉,no_process_parking_with_person,drive_away|person_handling|person_present|two_or_more_close,review,post_incident_handling_needs_confirmation,yes,post_incident_handling,,,,,,False,,,,,,,,,,,,,
159,35715647,,,无碰撞过程，只看到停车，有人员在车旁 两车贴近停靠，有两人在查看车辆碰撞情况/交涉,no_process_parking_with_person,person_handling|person_present|two_or_more_close,review,post_incident_handling_needs_confirmation,yes,post_incident_handling,,,,,,False,,,,,,,,,,,,,
160,35715814,,,无碰撞过程，只看到停车，有人员在车旁 两车贴近停靠，有两人在查看车辆碰撞情况/交涉,no_process_parking_with_person,person_handling|person_present|two_or_more_close,review,post_incident_handling_needs_confirmation,yes,post_incident_handling,,,,,,False,,,,,,,,,,,,,
161,35714584,,,无碰撞过程，只看到停车，有人员在车旁，但画面不清晰 两车贴近停靠，有多人在查看车辆碰撞情况/交涉，但由于镜头原因画面不清晰且较小,no_process_parking_with_person,low_quality|overlap_angle|person_handling|person_present|two_or_more_close,review,post_incident_handling_but_visual_weak,uncertain,post_incident_handling_visual_weak,,,,,,False,,,,,,,,,,,,,
162,35715396,,,无碰撞过程，只看到停车，有人员在车旁 两车贴近停靠，有两人在查看车辆碰撞情况/交涉,no_process_parking_with_person,person_handling|person_present|two_or_more_close,review,post_incident_handling_needs_confirmation,yes,post_incident_handling,,,,,,False,,,,,,,,,,,,,
163,35714686,,,无碰撞过程，只看到停车，有人员在车旁，但画面极不清晰 两车贴近停靠，有两人在查看车辆碰撞情况/交涉，但由于雨天镜头原因画面不清晰模糊,no_process_parking_with_person,low_quality|overlap_angle|person_handling|person_present|two_or_more_close,review,post_incident_handling_but_visual_weak,uncertain,post_incident_handling_visual_weak,,,,,,False,,,,,,,,,,,,,
164,35714293,,,无碰撞过程，只看到停车，有人员在车旁，视频后面车开走 两车贴近停靠，有两人在查看车辆碰撞情况/交涉,no_process_parking_with_person,drive_away|person_handling|person_present|two_or_more_close,review,post_incident_handling_needs_confirmation,yes,post_incident_handling,,,,,,False,,,,,,,,,,,,,
165,35714706,,,无碰撞过程，只看到停车，有人员在车旁，视频中车辆很快开走 两车贴近停靠，有一人下车在查看车辆碰撞情况/交涉，车辆很快开走,no_process_parking_with_person,drive_away|person_handling|person_present|two_or_more_close,review,post_incident_handling_needs_confirmation,yes,post_incident_handling,,,,,,False,,,,,,,,,,,,,
166,35715280,,,无碰撞过程，只看到停车，有人员在车旁 两车贴近停靠，有多人在查看车辆碰撞情况/交涉,no_process_parking_with_person,person_handling|person_present|two_or_more_close,review,post_incident_handling_needs_confirmation,yes,post_incident_handling,,,,,,False,,,,,,,,,,,,,
167,35718810,多车事故_20240622131800_突发事件_35718810.mp4,多车事故,无碰撞过程，只看到停车，无人员在车旁 只看到停车，无人员，无明显事故证据,no_process_parking_no_person,explicit_no_person|no_evidence,drop,parking_without_handling_evidence,no,weak_evidence,,异常停车,2024年6月22日13时17分23秒至13时17分38秒，位于武宁路地道南线西向东方向，一辆黑色轿车在隧道右侧车道内长时间静止不动，车辆未开启双闪灯，且无驾驶员在车内活动迹象，后方多辆车辆被迫减速绕行，造成短时交通干扰，该行为符合异常停车特征，存在安全隐患。,双闪,,True,True,False,static_count_below_threshold,,,,,,,,0,,6
168,35718483,多车事故_20240622082700_突发事件_35718483.mp4,多车事故,有碰撞过程，无人员在车旁 有追尾/碰撞过程,collision_process_clear,explicit_no_person,keep,collision_process_clear,yes,collision_visible,,多车事故,2024年8月22日06时27分23秒至06时28分30秒，在武宁路4期北方向的主车道上发生一起多车事故。事故发生在隧道内靠近出口匝道区域，涉事车辆包括一辆白色面包车和其后方两辆小轿车，具体为一辆白色轿车（车牌号沪D****68）与前方白色轿车发生追尾，随后发生追赶并停车。事故发生后，多辆车辆紧急刹车或停顿，造成后方车辆排队缓行，包括一辆红色轿车、一辆白色轿,碰撞|追尾|人员下车|下车交涉,,True,True,False,static_count_below_threshold,,,,,,,,1,,6
169,35664117,,,无碰撞过程，只看到停车，有人员在车旁 两车贴近停靠，有两人在查看车辆碰撞情况/交涉,no_process_parking_with_person,person_handling|person_present|two_or_more_close,review,post_incident_handling_needs_confirmation,yes,post_incident_handling,,,,,,False,,,,,,,,,,,,,
170,35631955,,,无明显碰撞过程，只看到停车，无人员在车旁，视频质量很差,no_process_parking_no_person,explicit_no_person|low_quality,drop,parking_without_handling_evidence,no,parking_no_person_no_evidence,,,,,,False,,,,,,,,,,,,,
171,35508975,,,无明显碰撞过程，只看到停车，有人员在车旁 两车贴近停靠，有一人在查看车辆碰撞情况/交涉，由于镜头原因画面不清晰,no_process_parking_with_person,low_quality|overlap_angle|person_handling|person_present|two_or_more_close,review,post_incident_handling_but_visual_weak,uncertain,post_incident_handling_visual_weak,,,,,,False,,,,,,,,,,,,,
172,35508959,,,有碰撞过程，有人员在车旁 有追尾/碰撞过程,collision_process_clear,person_present,keep,collision_process_clear,yes,collision_visible,,,,,,False,,,,,,,,,,,,,
173,35468341,多车事故_20240405161100_突发事件_35468341.mp4,多车事故,无碰撞过程，只看到停车，有人员在车旁 两车相隔较远，有多人在查看车辆碰撞情况/交涉,no_process_parking_with_person,far_or_unclear_relation|person_handling|person_present,keep,post_incident_handling,uncertain,far_but_handling,,异常停车,2024年4月5日16时19分23秒，在武宁路地道南线西向东方向，一辆白色SUV在行车道内异常停车，车辆后方有人员下车并站在车旁，后方多辆车辆被迫减速避让，部分车辆变道绕行，造成短时交通流受阻。该车辆未开启双闪灯，且驾驶员不在车内，符合异常停车行为，对道路通行安全构成潜在威胁。,人员下车|双闪,,True,True,False,no_pair_after_area_filter,,,,,,,,2,,5
174,35467883,多车事故_20240405093600_突发事件_35467883.mp4,多车事故,无碰撞过程，只看到停车，有人员在车旁 两车贴近停靠，有两人在查看车辆碰撞情况/交涉,no_process_parking_with_person,person_handling|person_present|two_or_more_close,keep,post_incident_handling,yes,post_incident_handling,,多车事故,2024年4月5日09:36至09:37期间，在武宁路地道南线西向东方向，发生一起多车事故。事故发生在隧道内靠近出口区域，涉事车辆包括一辆红色轿车、一辆白色SUV及多辆后方跟随车辆。视频显示，红色轿车与前方白色SUV发生追尾碰撞，导致车辆位置异常，横跨车道并斜停，引发后方车辆紧急避让和刹车。事故现场有人员下车交涉，但存在明显的碰撞痕迹和车辆位置异常，因此判定,碰撞|追尾|人员下车|下车交涉|斜停|横跨,,True,True,False,static_count_below_threshold,,,,,,,,1,,4
175,35464755,,,有碰撞过程，无人员在车旁 有追尾/碰撞过程,collision_process_clear,explicit_no_person,keep,collision_process_clear,yes,collision_visible,,,,,,False,,,,,,,,,,,,,
176,35431773,,,无碰撞过程，只看到停车，有人员在车旁，画面不清晰 两车相隔较近，有多人在查看车辆碰撞情况/交涉，但由于镜头原因画面不清晰,no_process_parking_with_person,low_quality|overlap_angle|person_handling|person_present|two_or_more_close,review,post_incident_handling_but_visual_weak,uncertain,post_incident_handling_visual_weak,,,,,,False,,,,,,,,,,,,,
177,35394244,,,有碰撞过程，有人员在车旁 有追尾/碰撞过程,collision_process_clear,person_present,keep,collision_process_clear,yes,collision_visible,,,,,,False,,,,,,,,,,,,,
178,35389883,,,无碰撞过程，只看到停车，有人员在车旁 只看到单车停靠，有人员在车旁,no_process_parking_with_person,person_present|single_vehicle,review,post_incident_handling_needs_confirmation,no,single_vehicle_parking,,,,,,False,,,,,,,,,,,,,
179,35359909,,,有碰撞过程，有人员下车 有追尾/碰撞过程,collision_process_clear,person_present,keep,collision_process_clear,yes,collision_visible,,,,,,False,,,,,,,,,,,,,
180,35359491,多车事故_20240209221400_突发事件_35359491.mp4,多车事故,有碰撞过程，无人员在车旁 有追尾/碰撞过程,collision_process_clear,explicit_no_person,keep,collision_process_clear,yes,collision_visible,,多车事故,2024年2月9日22时14分，武宁路地道南线西向东路段发生一起多车事故。事故发生在隧道内行车道上，涉事车辆包括多辆轿车和SUV，其中红色轿车在行驶过程中与前方车辆发生追尾碰撞，导致后方车辆位置异常，部分车辆横跨车道或斜停，引发后方车辆紧急避让、减速及刹车灯亮起。事故造成该路段交通流受阻，车辆排队缓慢通行，影响了隧道内整体交通流畅性。现场未见明显人员下车交涉,碰撞|追尾|人员下车|下车交涉|斜停|横跨,,True,True,False,score_below_threshold,,0.6319,0.4747,0.5473,0.5022,0.1208,4,5,0,7
181,35315136,,,有碰撞过程，无人员在车旁 有追尾/碰撞过程,collision_process_clear,explicit_no_person,keep,collision_process_clear,yes,collision_visible,,,,,,False,,,,,,,,,,,,,
182,35302910,,,无碰撞过程，只看到停车，无人员在车旁，画面极不清晰 这段视频质量也非常差,no_process_parking_no_person,explicit_no_person|low_quality,drop,parking_without_handling_evidence,no,parking_no_person_no_evidence,,,,,,False,,,,,,,,,,,,,
183,35258629,,,无碰撞过程，只看到停车，有人员在车旁 两车贴近停靠，有多人在查看车辆碰撞情况/交涉，存在事故证据,no_process_parking_with_person,explicit_evidence|person_handling|person_present|two_or_more_close,review,post_incident_handling_needs_confirmation,yes,post_incident_handling_with_evidence,,,,,,False,,,,,,,,,,,,,
184,35204601,多车事故_20231208103800_突发事件_35204601.mp4,多车事故,有碰撞过程，无人员在车旁 有追尾/碰撞过程,collision_process_clear,explicit_no_person,keep,collision_process_clear,yes,collision_visible,,拥堵,2023年12月8日10时32分至10时33分，武宁路快速化桥北线北向车道发生拥堵事件。视频显示，该路段为隧道内，路面湿滑，车辆行驶缓慢，多辆小轿车、出租车及一辆大型客车在车道内排队缓行，车距明显缩短，部分车辆刹车灯持续亮起，表明车速极低或处于停滞状态。涉事车辆包括白色轿车、红色轿车、白色面包车及一辆白色大巴车，均正常行驶但受前方拥堵影响无法提速。拥堵区域位,碰撞,正常行驶,True,True,False,static_count_below_threshold,,,,,,,,0,,6
185,35075859,,,有碰撞过程，无人员在车旁 有追尾/碰撞过程,collision_process_clear,explicit_no_person,keep,collision_process_clear,yes,collision_visible,,,,,,False,,,,,,,,,,,,,
186,35054147,,,无明显碰撞过程，只看到停车，无人员在车旁,no_process_parking_no_person,explicit_no_person,drop,parking_without_handling_evidence,no,parking_no_person_no_evidence,,,,,,False,,,,,,,,,,,,,
187,34996819,,,无明显碰撞过程，只看到停车，有人员在车旁 两车贴近停靠，有两人在查看车辆碰撞情况/交涉,no_process_parking_with_person,person_handling|person_present|two_or_more_close,review,post_incident_handling_needs_confirmation,yes,post_incident_handling,,,,,,False,,,,,,,,,,,,,
188,34973533,,,无碰撞过程，只看到一辆有明显碰撞痕迹的车辆 一辆车有有明显车损/碰撞痕迹,no_process_but_damage_trace,damage_trace|explicit_evidence,keep,no_process_but_damage_trace,yes,damage_trace,,,,,,False,,,,,,,,,,,,,
189,34809167,多车事故_20230917081300_突发事件_34809167.mp4,多车事故,无碰撞过程，只看到停车，有人员在车旁，画面不清晰 两车贴近停靠，有一人下车在查看车辆碰撞情况/交涉,no_process_parking_with_person,low_quality|person_handling|person_present|two_or_more_close,review,post_incident_handling_but_visual_weak,uncertain,post_incident_handling_visual_weak,,异常停车,2023年9月17日08时11分04秒至08时11分30秒，武宁路地道入口处，一辆白色轿车在主车道上完全静止，车辆未开启双闪灯，且无明显故障迹象，驾驶员不在车内，后方车辆被迫减速绕行，造成短时交通影响，符合异常停车特征。,双闪,,True,True,False,score_below_threshold,,0.4072,0.762,0.2521,0.223,0.0,12,3,0,7
190,34674516,,,有碰撞过程，无人员在车旁 有追尾/碰撞过程,collision_process_clear,explicit_no_person,keep,collision_process_clear,yes,collision_visible,,,,,,False,,,,,,,,,,,,,
191,34567827,,,无碰撞过程，只看到停车，有人员在车旁 两车相隔较远，有两人下车在查看车辆碰撞情况/交涉,no_process_parking_with_person,far_or_unclear_relation|person_handling|person_present,review,post_incident_handling_needs_confirmation,uncertain,far_but_handling,,,,,,False,,,,,,,,,,,,,
192,34567885,,,无碰撞过程，只看到停车，有人员在车旁，但所占画面小且画面不清晰 两车贴近停靠，有多人在查看车辆碰撞情况/交涉，但由于镜头原因画面不清晰且所占画面小,no_process_parking_with_person,edge_or_small|low_quality|overlap_angle|person_handling|person_present|small_or_edge|two_or_more_close,review,post_incident_handling_but_visual_weak,uncertain,post_incident_handling_visual_weak,,,,,,False,,,,,,,,,,,,,
193,34430541,多车事故_20230805115000_突发事件_34430541.mp4,多车事故,有碰撞过程，无人员在车旁 有追尾/碰撞过程,collision_process_clear,explicit_no_person,keep,collision_process_clear,yes,collision_visible,,抛洒物,2023年8月5日11时49分至11时50分，S20外2枪机1监控画面显示，在城市高架道路隧道内双向车道发生交通拥堵事件。隧道内右侧车道车辆行驶缓慢，多辆轿车和出租车排队缓行，车距明显缩短，刹车灯持续亮起，形成连续的红色光带，表明车辆处于低速或停滞状态。左侧车道车辆通行相对顺畅，未受影响。涉事车辆包括白色轿车、黑色轿车、黄色出租车及多辆小型客车，均在正常行驶,碰撞|追尾,正常行驶,True,True,False,static_count_below_threshold,,,,,,,,0,,10
194,33411405,多车事故_20230730174600_突发事件_33411405.mp4,多车事故,有碰撞过程，无人员在车旁 有追尾/碰撞过程,collision_process_clear,explicit_no_person,keep,collision_process_clear,yes,collision_visible,,多车事故,2023年7月30日17时42分54秒，在北1CAM40监控点位，隧道内右侧车道发生一起多车事故。视频显示，一辆白色轿车与银色SUV在行车道内发生追尾碰撞，车辆位置异常，部分车辆斜停于车道中。事故发生后，驾驶员下车查看情况，周围车辆被迫减速绕行，造成该路段交通流短暂受阻。事故现场无明显散落物，但车辆型号、品牌不同，符合多车事故特征，且持续时间较长，对通行秩序,碰撞|追尾|下车查看|斜停,,True,True,False,static_count_below_threshold,,,,,,,,1,,6
195,1156523,,,有追尾/碰撞过程,other,,review,unclassified,uncertain,other,,,,,,False,,,,,,,,,,,,,
196,745935,,,有碰撞过程，无人员在车旁 有追尾/碰撞过程,collision_process_clear,explicit_no_person,keep,collision_process_clear,yes,collision_visible,,,,,,False,,,,,,,,,,,,,
197,731764,,,无碰撞过程，只看到停车，无人员在车旁 只看到停车，无人员，无明显事故证据,no_process_parking_no_person,explicit_no_person|no_evidence,drop,parking_without_handling_evidence,no,weak_evidence,,,,,,False,,,,,,,,,,,,,
