index,id,video,gt_label,pred_label,pred_text
5,4858,异常停车_20240623150949_突发事件_35720119.mp4,异常停车,拥堵,2024年06月23日15:13:00至15:13:59，在外环高速联谊路西枪机1处，发生了一起多车事故。涉事车辆包括一辆黑色轿车和一辆白色SUV，它们在雨天湿滑的路面上行驶过程中发生了碰撞，导致车辆位置异常，部分车辆横跨车道或斜停在道路上。事故现场有人员下车查看情况，交通一度受阻，其他车辆被迫减速或绕行，交通流量明显受到影响，形成了短暂的拥堵现象。此次事故的异常特征在于车辆的碰撞痕迹和位置异常，对道路通行造成了显著影响。
10,4863,占道施工_20240421095734_运行安全_35504665.mp4,占道施工,抛洒物,2024年4月21日10:09:28至10:09:56期间，外环高速蕴川立交东路段出现抛洒物交通事件。在视频画面中，右侧车道上有多个红色锥桶散落在行车道上，属于典型的抛洒物范畴。这些锥桶导致后续车辆在经过时不得不紧急避让或减速绕行，对道路通行安全造成了一定影响，且无明显施工或事故迹象表明其来源。同时，该路段车流量较大，抛洒物虽小但位置明显，引发后方车辆部分绕行或减速行为，存在潜在追尾风险。现场无人员下车处理，也未见警示标志设置，进一步加剧了交通安全隐患。
12,4865,异常停车_20240607073159_突发事件_35682192.mp4,异常停车,拥堵,2024年6月7日07:36:00至07:36:29期间，在外环高速沪太立交东2枪机2处，一辆红色货车在行车道上异常停车，车辆完全静止且开启双闪灯，驾驶员不在车内，导致后方多辆车辆被迫减速避让，交通流出现短暂拥堵，该行为违反了非停车区域禁止停车的规定，存在安全隐患。
13,4866,异常停车_20230720162354_突发事件_33390958.mp4,异常停车,二轮车辆闯入,2023年7月20日16时21分05秒，在外环高速丰翔路南段，一辆二轮车驶入主路，进入高速公路行车道内行驶，该车辆未在专用通道或合法区域通行，且无明显标识显示其具备处理能力。该行为属于典型的二轮车辆闯入高速公路的异常事件，严重违反交通规则，对周围正常行驶的车辆构成潜在安全隐患，导致部分车辆紧急避让，影响了道路通行秩序和安全。
14,4867,异常停车_20240606112804_突发事件_35678999.mp4,异常停车,抛洒物,2024年6月6日11时29分57秒至11时30分54秒，外环高速漕宝入口匝道（内）路段出现抛洒物交通事件。在视频画面右侧车道标志线附近，可见一个黑色物体静止于路面，疑似为车辆遗落的货物或杂物。该异物未完全占据行车道但已对通行构成潜在威胁。期间无车辆经过该抛洒物。涉事车辆未在画面中明确显示，但根据现场情况判断，该抛洒物可能来自过往货运车辆运输过程中脱落的物品，存在安全隐患，需及时清理以保障道路安全畅通。
16,4869,二轮车辆闯入_20230715120335_突发事件_1149569.mp4,二轮车辆闯入,多车事故,多车事故
17,4870,异常停车_20240614105451_突发事件_35704233.mp4,异常停车,多车事故,多车事故
18,4871,多车事故_20240622131800_突发事件_35718810.mp4,多车事故,异常停车,2024年6月22日13时17分23秒至13时17分38秒，位于武宁路地道南线西向东方向，一辆黑色轿车在隧道右侧车道内长时间静止不动，车辆未开启双闪灯，且无驾驶员在车内活动迹象，后方多辆车辆被迫减速绕行，造成短时交通干扰，该行为符合异常停车特征，存在安全隐患。
21,4874,占道施工_20240323090249_运行安全_35433956.mp4,占道施工,异常停车,2024年03月23日星期六09:02:45至09:03:03期间，外环高速淞滨路西段出现异常停车事件。在监控画面中，右侧车道靠近中央隔离带处有一辆白色轿车停靠在行车道上，车辆开启双闪灯，且无明显故障迹象，驾驶员下车查看。该车停靠位置导致后方多辆货车和轿车被迫减速绕行，造成局部交通流紊乱，影响了右侧车道的正常通行秩序。该行为符合异常停车特征，存在安全隐患，可能引发追尾或侧滑事故。
28,4881,占道施工_20240523232826_运行安全_35628713.mp4,占道施工,拥堵,2024年05月23日23:28:22至23:28:52，在某高速公路路段，发生了一起占道施工交通事件。现场可见多辆工程车辆和施工人员在车道内进行作业，施工人员穿着反光背心，操作相关设备，车道被多个锥桶遮挡，导致车道数量减少，车辆需变道或减速通行。涉事车辆包括一辆黄色工程车和其他几辆小型货车，它们在施工区域附近停放或缓慢移动。此次占道施工影响了道路的正常通行，车辆被迫减速或变更车道，但未造成严重的交通拥堵。异常特征包括施工区域设有警示牌和闪烁警示灯，确保过往车辆的安全通行。
30,4883,拥堵_20231026084656_突发事件_35000276.mp4,拥堵,抛洒物,2023年10月25日08时46分至08时47分，外环高速曹安路路段出现交通拥堵事件。该路段为双向多车道高速公路，车流密集，主要由轿车、货车及大型客车组成，车辆在多个车道内缓慢行驶或处于停滞状态，部分车辆间距极小，整体车速明显低于正常通行水平。涉事车辆包括白色轿车、黑色SUV、黄色面包车、红色集装箱货车、蓝色大巴车以及多辆小型客车，均在各自车道内有序行驶，未见明显碰撞或事故迹象。拥堵区域位于道路中间段，影响范围较长，导致后方车辆排队长度持续增加，通行效率显著下降。异常特征表现为车辆行驶速度普遍降低，车流密度较高，且无明显施工或障碍物阻碍，推测可能由前方突发状况或流量高峰引发，但未观察到异常停车、占道施工、二轮闯入、抛洒物或交通事故等其他异常情况。
31,4884,抛洒物_20240402065256_运行安全_35459975.mp4,抛洒物,异常停车,2024年04月02日06:52:54至06:53:53，在沪宁转外环外圈路段，一辆黑色轿车在行车道上异常停车，车辆完全静止且未开启双闪灯，驾驶员不在车内，导致后方多辆车辆被迫减速避让，存在明显的交通安全隐患。
49,4902,异常停车_20230718221620_突发事件_1963284.mp4,异常停车,多车事故,2023年7月18日22时16分至22时17分，夜间高速公路路段发生一起多车事故。事故发生在道路左侧车道，涉事车辆包括一辆白色轿车和一辆黑色轿车，两车疑似发生碰撞，黑色轿车停靠在应急车道，驾驶员下车查看情况，车辆位置异常，横跨部分车道，导致后方车辆被迫减速绕行。现场无明显散落物或人员伤亡，但事故造成该车道通行受阻，后方车辆排队缓行，交通流明显受阻。事故车辆周围无施工设施或人员，未见二轮车辆闯入或施工迹象，初步判断为突发性多车追尾事故。
58,4911,二轮车辆闯入_20230722141048_突发事件_33394623.mp4,二轮车辆闯入,异常停车,2023年7月22日14时10分至14时11分，外环高速京沪立交（内）路段出现异常停车事件。一辆白色轿车在右侧应急车道内完全静止，未开启双闪灯，且驾驶员未下车处理，车辆长时间停靠在行车道上，导致后方多辆车辆被迫减速绕行，影响了该车道的正常通行秩序。该行为符合异常停车判断标准中的多项特征：车辆在非停车区域静止、未开启警示灯、未采取其他应急措施，构成交通异常事件。
59,4912,占道施工_20230816005058_运行安全_34587905.mp4,占道施工,拥堵,2023年8月16日00:50至00:51期间，外环高速老沪闵路东（内）路段出现交通拥堵事件。该路段为夜间照明条件下多车道高架道路，车流密集，车辆行驶缓慢，部分车辆处于低速移动或短暂停滞状态。涉事车辆包括多辆轿车、货车及厢式运输车，其中红色货车和白色厢式货车较为显眼，均在正常车道内行驶但速度明显低于正常通行水平。车辆间距较小，后方车辆频繁刹车，形成连续的亮尾轨迹，表明车辆处于缓行或短暂停滞状态。拥堵区域位于高架桥中间车道，影响范围较长，持续时间约一分钟且无缓解趋势，符合拥堵判断标准中的多辆车缓慢移动、排队长度超常、发生在瓶颈区域等特征。现场未见异常停车、施工设施、事故痕迹或抛洒物，也无二轮车辆闯入迹象，初步判断为高峰时段车流量过大导致的常态化拥堵。
64,4917,占道施工_20240525002701_运行安全_35633383.mp4,占道施工,拥堵,2024年5月25日00:26:55至00:27:59，在嘉闵西侧真南路出口处发生了一起占道施工交通事件。现场可见多辆工程车辆和施工人员，他们穿着反光背心，正在进行施工作业。施工区域被锥桶和围栏遮挡，导致车道数量减少，过往车辆需变道或减速行驶。施工人员在车道内操作设备，而施工车辆则停在路边，开启警示灯。此事件影响了道路的正常通行，车辆被迫减速或变更车道，但未造成严重的交通拥堵。异常特征包括施工设施占据部分车道、施工人员现场作业以及车辆因施工而减速或绕行。
69,4922,异常停车_20230716095332_突发事件_1153383.mp4,异常停车,二轮车辆闯入,2023年7月16日星期日上午9时53分至9时54分，外环高速丰翔路-1路段出现交通拥堵事件。该路段为双向多车道高速公路，路面湿滑，天气阴雨，能见度较低。视频显示，从9:53:29开始，道路右侧车道车辆行驶缓慢，车流密集，多辆货车与轿车依次排队缓行，包括白色厢式货车、红色集装箱货车、白色厢式货车及黑色轿车等，车辆间距明显缩小，车速降低，部分车辆处于低速蠕行状态。拥堵持续约1分钟，未见明显事故或障碍物，但车辆整体移动速度显著下降，后方车辆被迫减速避让，形成典型的早高峰拥堵特征。左侧对向车道车流相对顺畅，未受影响。此拥堵可能由前方交通瓶颈或突发状况引发，但视频中未发现异常停车、施工、抛洒物或二轮车辆闯入等直接诱因，主要表现为长时间、大范围的车辆缓行。
83,4936,占道施工_20231207002615_运行安全_35196934.mp4,占道施工,拥堵,2023年12月7日00:26至00:27期间，G60市区方向至S20内2枪机12路段发生占道施工交通事件。现场可见一辆工程车辆停靠在道路右侧，车顶警示灯闪烁，周围设置多排红白相间的交通锥桶，形成临时隔离带，占用部分车道。两名身穿反光背心的施工人员在锥桶旁进行作业，其中一人手持工具在移动，另一人站立观察。施工区域前方有大型货车和轿车正常行驶，但因施工导致车道变窄，车辆需减速并变道通行。该施工行为符合占道施工标准，包括使用锥桶、警示灯、施工人员穿戴反光装备以及车道被部分封闭等特征，对交通流造成一定影响，但未引发拥堵或事故。
93,4946,占道施工_20240523000157_运行安全_35623957.mp4,占道施工,拥堵,2024年5月23日00:01:28至00:02:27，在S26沪常高速收费广场东侧（K11+608）处，发生了一起占道施工交通事件。现场可见多辆工程车辆和施工人员在进行作业，施工人员穿着反光背心，操作设备，车道被锥桶遮挡，导致车道数量减少，车辆需变道或减速通行。施工区域设有警示牌和闪烁警示灯，以提醒过往车辆注意避让。此次施工行为对道路交通造成了一定影响，但未引发严重拥堵或事故。异常特征包括施工设施占据部分车道、施工人员现场作业以及明显的警示标志。
94,4947,占道施工_20230909002352_运行安全_34746468.mp4,占道施工,拥堵,2023年9月9日星期六00:23:50至00:24:48期间，K14+050路段夜间出现严重交通拥堵事件。该路段为城市高架道路，双向多车道，右侧车道被大量车辆封闭，形成连续的排队缓行状态。涉事车辆包括大量轿车、货车、客车及大型运输车，其中有多辆大型集装箱货车、厢式货车和私家车密集排列，车流速度明显低于正常水平，车辆间间距极小，尾灯连成一片红色光带，表明车辆处于低速或停滞状态。左侧对向车道车流相对顺畅，但因右侧拥堵导致整体通行效率下降。现场未见明显事故、施工或抛洒物迹象，也无异常停车或二轮车辆闯入情况，推测拥堵可能由前方交通瓶颈或高峰时段车流量过大引发。该事件持续约一分钟，期间车辆持续缓慢移动，未见明显缓解趋势，对夜间出行造成较大影响。
100,4953,二轮车辆闯入_20230719084238_突发事件_1965769.mp4,二轮车辆闯入,拥堵,2023年7月19日08时42分，S20LSTV03监控点位显示，某城市快速路双向车道出现持续性交通拥堵，车辆行驶缓慢，车流密集且无明显移动规律，部分车辆在多个车道内排队缓行，部分大型货车和集装箱运输车在车道中占据主要通行空间，导致后方车辆被迫减速或变道，整体通行效率显著下降，符合拥堵判断标准中的多辆车缓慢移动、排队长度超常且无缓解趋势等特征。
102,4955,抛洒物_20240530074153_运行安全_35652730.mp4,抛洒物,拥堵,2024年5月30日07:41至07:42期间，外环高速丰翔路南段出现交通拥堵事件。该路段为多车道高速公路，两侧绿树成荫，道路标线清晰，限速标志显示为80km/h。视频显示，从07:41:45左右开始，车辆行驶速度明显减缓，车流密集且持续缓行，车辆间距缩短，部分车辆处于低速蠕行状态，未见完全停止。涉事车辆包括多辆轿车、货车及厢式货车，其中可见白色厢式货车、红色集装箱货车、黄色工程车等，均在正常车道内行驶，未发生碰撞或事故。由于车流量大且通行效率降低，导致后方车辆排队长度逐渐增加，形成持续性拥堵。此拥堵现象未见缓解趋势，影响了该路段的正常通行秩序，存在潜在追尾风险。异常特征表现为车辆密集、行驶速度极低、无明显事故迹象，符合典型早高峰时段因车流集中引发的拥堵特征。
103,4956,多车事故_20240530085706_突发事件_35653363.mp4,多车事故,拥堵,2024年5月30日08:56至08:57，在外环高速顾戴路北（内）路段，发生了一起多车事故。涉事车辆包括一辆白色面包车和一辆黑色轿车，这些车辆在行驶过程中发生了碰撞，导致车辆位置异常，其中白色面包车斜停在车道上，黑色轿车在其前方。事故现场有人员下车交涉，其他车辆被迫紧急避让或停滞，造成了交通拥堵。此次事故的异常特征在于多辆车同时受困，且事故区域内的车辆行为明显异常，如频繁变道和减速，进一步加剧了交通压力。
106,4959,二轮车辆闯入_20230721142306_突发事件_33393718.mp4,二轮车辆闯入,拥堵,2023年7月21日14时23分，外环高速潭宝路北段出现严重交通拥堵，多辆轿车、货车及大型运输车辆在多个车道内缓慢行驶或完全停滞，车流密集且持续时间较长，车辆间距极小，部分车辆处于停滞状态，后方车辆被迫减速或绕行，整体通行效率显著下降，符合拥堵判断标准中关于多辆车缓慢移动或停止、排队长度超过正常范围、发生在高速公路瓶颈区域等特征。
110,4963,异常停车_20240606120515_突发事件_35679057.mp4,异常停车,抛洒物,2024年6月6日14时05分至14时06分，外环高速吴中路路段发生抛洒物事件。视频显示，多块白色板状物散落在行车道上，部分异物随车辆移动持续掉落。涉事车辆不明，但抛洒物均来自货车货箱，尺寸较大，对正常通行构成安全隐患，导致车辆紧急避让或减速绕行，影响了道路的正常通行秩序。异常特征表现为：抛洒物在车道上持续可见，且无明显施工或事故迹象，初步判断为货车运输途中货物固定不牢导致的抛洒物问题。
113,4966,占道施工_20231116003349_运行安全_35106756.mp4,占道施工,异常停车,2023年11月16日00:33:45至00:34:44期间，嘉闵西桃浦公路南路段夜间监控画面显示，一辆白色轿车在右侧车道内长时间静止不动，车辆开启双闪灯，且无明显故障迹象或驾驶员下车行为。该车停靠位置位于道路右侧护栏旁，紧邻施工区域，周围有施工标志及警示灯闪烁，表明该区域正在进行占道施工。由于该车停放位置处于非停车区域，且无交通信号允许停车，导致后方车辆被迫减速绕行，影响了通行效率。整个过程中，其他车辆均保持正常行驶状态，未发生碰撞或拥堵，但该车异常停车行为构成交通安全隐患。
114,4967,异常停车_20240614153120_突发事件_35704875.mp4,异常停车,多车事故,2024年6月14日15时31分至15时32分，在外环高速吴淞江桥南路段，发生了一起多车事故。涉事车辆包括一辆白色SUV和一辆黑色SUV，其中白色SUV停在右侧车道上，黑色SUV停在左侧车道上，两车均有碰撞痕迹，停于最左侧车道。事故没有发生一起进一步的事态发展，但可以看到交通流速明显减缓，其它车辆需绕行或减速避让，形成了短暂的拥堵现象。异常特征表现为车辆位置异常，且无明显施工或抛洒物等其他干扰因素，因此判断为典型的多车事故，对交通造成了一定影响。
115,4968,拥堵_20240208073929_突发事件_35357603.mp4,拥堵,抛洒物,2024年02月08日星期四07:39:22至07:40:20期间，在城市高架桥路段，多辆汽车在正常行驶过程中，由于前方一块蓝色包裹状物品导致驾驶员减速并绕行，未出现碰撞或停车行为，车辆基本保持行驶状态。该抛洒物位于右侧车道，尺寸较大，对后方车辆构成潜在安全隐患，导致后方车辆减速避让，影响了道路通行秩序。异常特征表现为抛洒物在车道上的静止状态，未引发事故但存在交通风险。
118,4971,占道施工_20230815014904_运行安全_34580009.mp4,占道施工,异常停车,2023年8月15日01时49分，外环高速吴中入口匝道（外）发生交通事件，视频显示该区域存在异常停车情况。一辆白色警车在匝道口附近停靠，车辆开启双闪灯，驾驶员下车后站在护栏边，疑似与现场人员交流或处理突发情况。该行为符合异常停车判断标准中的多项特征：车辆在非停车区域完全静止、未开启警示灯、驾驶员下车处理问题、车辆位置影响通行秩序。现场可见多辆货车和轿车正常行驶，但因该车停放导致部分车辆需减速避让，影响了匝道的通行效率。此外，该区域为高速公路入口匝道，通常禁止临时停车，进一步证实了该车在此类区域违规停车的情况。
123,4976,拥堵_20230725074639_突发事件_33398640.mp4,拥堵,异常停车,2023年7月25日07时46分35秒至07时47分33秒，外环高速潭宝路北段出现异常停车事件。一辆白色厢式货车在右侧车道内完全静止，车辆未开启双闪灯，驾驶员未下车处理，车辆后方多辆汽车被迫减速绕行，造成该车道通行受阻。该车停靠位置位于行车道内，非停车区域，且无交通信号灯或标志允许停车，车辆状态疑似故障或违规停车，存在较大安全隐患。周围车辆行驶速度明显降低，部分车辆变道避让，影响了道路整体通行效率。该异常停车行为持续约1分钟，期间无其他车辆或人员介入处理，直至后续车辆逐渐恢复正常通行。
124,4977,二轮车辆闯入_20230719084953_突发事件_1965724.mp4,二轮车辆闯入,多车事故,2024年3月1日18时01分至18时02分，位于城市快速路某路段（道路名称疑似），右侧车道发生一起多车事故。事故涉及二辆黑色轿车，事故发生后，驾驶员下车查看情况，车辆位置异常（横跨车道或斜停），后方车辆被迫减速绕行。现场未见明显人员受伤情况，但存在明显的车辆碰撞痕迹和位置异常，符合多车事故特征。
125,4978,异常停车_20240613144354_突发事件_35701670.mp4,异常停车,多车事故,多车事故
138,4991,异常停车_20240512161637_突发事件_35583468.mp4,异常停车,多车事故,多车事故
144,4997,二轮车辆闯入_20230715105641_突发事件_1149385.mp4,二轮车辆闯入,拥堵,2023年7月15日10时56分至10时57分，外环高速吴中入口匝道（外）路段出现交通拥堵事件。该路段为多车道高速公路，车流密集，主要由轿车、货车及厢式运输车组成，其中红色集装箱货车、白色厢式货车和蓝色集装箱货车等大型车辆在车道内缓慢行驶或短暂停滞，车辆间距较小，通行速度明显下降，形成持续性排队现象。道路右侧设有“禁止货车通行”的交通标志，表明该区域为货车专用通道，但未见施工或事故迹象。车辆整体处于低速移动状态，部分车辆因前方车流缓慢而被迫减速，导致后方车辆持续积压，影响了整体通行效率。此拥堵情况未见明显事故或障碍物，推测为高峰时段车流量过大所致，属于典型的城市快速路拥堵特征。
146,4999,多车事故_20240623031336_突发事件_35719212.mp4,多车事故,异常停车,2024年6月23日03时13分至03时14分，外环高速京沪立交南2枪机1监控画面显示，夜间雨天路面湿滑，多辆机动车在双向车道上正常行驶。在右侧车道中，一辆白色轿车在右侧应急车道内长时间静止不动，且无驾驶员下车或明显故障迹象，周围其他车辆正常行驶，部分车辆在经过该车时有轻微变道避让行为，表明该车存在异常停车情况，影响了应急车道的正常使用，构成交通安全隐患。
149,5002,二轮车辆闯入_20230719213652_突发事件_6964615.mp4,二轮车辆闯入,异常停车,2023年7月19日21时36分至21时37分，外环高速沪太立交东1-1路段夜间出现异常停车事件。一辆红色货车在右侧车道内长时间静止不动，车辆开启双闪灯，且无明显故障迹象或驾驶员在车旁活动，导致后方多辆小型客车和货车被迫减速绕行，影响了该路段的正常通行秩序。该车停靠位置位于行车道内，属于非允许停车区域，且无交通信号灯或标志允许停车，存在安全隐患。
156,5009,异常停车_20240622034145_突发事件_35717773.mp4,异常停车,占道施工,2024年6月22日03时41分至03时42分，在S20内至S9内2#枪机监控范围内，夜间高速公路右侧车道发生占道施工交通事件，具体表现为一辆白色厢式货车在右侧车道缓慢行驶并开启双闪灯，随后一辆蓝色货车从右侧车道驶入并继续向前行驶，期间右侧车道被施工设施遮挡，施工区域可见施工人员及设备，车道数量减少导致车辆需变道行驶，影响了正常交通流。该行为符合占道施工的异常特征，存在明显的施工标志和施工车辆，对后方车辆造成一定影响。
161,5014,抛洒物_20240528130659_运行安全_35646209.mp4,抛洒物,异常停车,2024年5月28日13时10分至13时11分，在曹安公路东向车道，一辆白色面包车在行车道内异常停车，车辆未开启双闪灯，且驾驶员不在车内，导致后方车辆被迫减速绕行，影响了正常交通流。该行为在非停车区域完全静止，无交通信号灯或标志允许停车，符合异常停车特征，存在安全隐患。
165,5018,异常停车_20240622104255_突发事件_35718551.mp4,异常停车,抛洒物,2024年06月22日10:43:03至10:43:47，在上行中春路出口匝道处，未知车辆在行驶过程中遗落了货物，导致车道上有足够尺寸的异物出现。该抛洒物引起了后方车辆的紧急避让行为，多辆汽车不得不减速或变道绕行，对道路交通造成了短暂的影响。异常特征表现为车道上突然出现的不明物体，明显干扰了正常交通秩序。
167,5020,异常停车_20240606202640_突发事件_35681177.mp4,异常停车,多车事故,2024年6月6日20时26分37秒至20时27分36秒，外环高速吴淞江桥南路段发生一起多车事故。事故发生在夜间，监控画面显示一辆黑色轿车停靠在最右侧车道靠近护栏处，车门打开，两名人员站在车旁，疑似车辆故障或发生碰撞后停车。该车所在车道未开启双闪灯，且无明显警示标志，导致后方车辆需减速避让。周围多辆汽车正常行驶，但因该车异常停车造成局部交通流受阻，部分车辆变道绕行，引发轻微拥堵。涉事车辆包括至少二辆轿车，其中一辆白色轿车在右侧车道行驶过程中与前方车辆发生轻微碰撞后停车，形成连锁反应。事故区域未见明显抛洒物或施工设施，但车辆异常停车行为已对夜间高速通行安全产生显著影响，符合多车事故的典型特征。
172,5025,抛洒物_20240519134159_运行安全_35607164.mp4,抛洒物,异常停车,2024年5月19日13时41分54秒，在城市高架桥路段，一辆白色轿车在最左侧车道内完全静止，车辆未开启双闪灯，驾驶员下车后站在车旁，车辆后方有多辆车辆减速绕行，造成该车道通行受阻，存在明显异常停车行为。
174,5027,拥堵_20240301140843_突发事件_35382342.mp4,拥堵,异常停车,2024年3月1日14时08分45秒至14时09分43秒，嘉闵西侧定焦03监控点位显示，在隧道内右侧车道发生了一起多车事故。事故发生在隧道中段，涉事车辆包括一辆白色SUV和一辆银色轿车，两车在行驶过程中发生碰撞，导致车辆位置异常，其中白色SUV斜停在车道上，银色轿车紧随其后。事故发生后，驾驶员下车查看情况，现场其他车辆被迫紧急避让或停滞，交通秩序受到严重影响，后续车辆排成长队，形成拥堵态势，且持续时间较长，未见明显缓解趋势。该事件符合多车事故判断标准，表现为两辆及以上车辆可见碰撞痕迹、车辆位置异常及后续车辆异常停车或减速。
179,5032,二轮车辆闯入_20230720193743_突发事件_33391730.mp4,二轮车辆闯入,拥堵,2023年7月20日19时37分至19时38分，S20外至G60出省方向1枪机2监控路段夜间出现交通拥堵事件。该路段为弯道道路，两侧有绿化带和隔音墙，路面湿滑，车辆行驶过程中车流缓慢移动，多辆小汽车、货车及一辆摩托车在弯道区域依次排队缓行，车距较近，刹车灯持续亮起，表明车辆处于低速行驶或短暂停滞状态。其中一辆摩托车在弯道中穿插于车流中，未见明显违规行为，但其存在对其他车辆造成潜在干扰，可能引发安全隐患。整个拥堵过程持续约一分钟，未见明显事故或施工迹象，但车辆密集且通行速度明显下降，符合典型拥堵特征。
191,5044,占道施工_20230804235444_运行安全_34429800.mp4,占道施工,拥堵,2023年8月4日星期五凌晨4时54分至4时55分，外环高速沪渝立交-1枪机1监控画面显示，该路段出现占道施工交通事件。现场可见多辆工程车辆停靠在右侧车道，包括一辆黄色工程车和一辆红色大型货车，车辆均开启警示灯，周围设置多个橙白相间的交通锥桶，形成临时施工区域。施工区域占据部分车道，导致车辆需减速并变道通行，影响了正常交通流。施工区域内未见明显施工人员活动，但存在明显的施工设施布置，符合占道施工特征。整体交通未出现严重拥堵，但车辆行驶速度明显降低，存在潜在安全隐患。
197,5050,异常停车_20240515172009_突发事件_35594101.mp4,异常停车,拥堵,2024年5月15日17时20分05秒至17时21分03秒，G60市区方向至S4金山方向路段，监控画面显示多辆机动车在弯道处缓慢行驶，车流密集，车辆间距较小，行驶速度明显降低，部分车辆出现变道和减速行为，未见异常停车或事故迹象。路面标线清晰，无占道施工设施或抛洒物，未发现二轮车辆闯入或多车碰撞情况。整体交通秩序尚可，但车流量较大导致通行效率下降，形成轻微拥堵现象，符合拥堵判断标准中关于多辆车缓慢移动、排队长度超过正常范围且持续无缓解趋势的特征。
202,5055,占道施工_20231208031956_运行安全_35202161.mp4,占道施工,拥堵,2023年12月8日03时19分至03时20分，嘉闵高架东侧民生路北段发生占道施工交通事件。现场可见一辆黄色工程车停靠在右侧车道，车顶警示灯持续闪烁，车身周围设置有反光锥桶，形成临时施工区域。施工人员身穿反光背心在车辆附近活动，部分人员在路边作业或指挥交通。该施工区域占用了一条行车道，导致后方车辆需减速并变道绕行，影响了正常通行秩序。施工区域设有明显的警示标志和灯光提示，符合占道施工标准，但未见明显施工设备或围挡设施，可能为临时性维护或检查作业。整体交通流受影响，存在轻微拥堵风险。
204,5057,占道施工_20231211011703_运行安全_35209633.mp4,占道施工,拥堵,2023年12月11日星期日凌晨1点17分至1点17分58分，上行水产路入口匝道03路段夜间出现占道施工交通事件。施工现场位于道路右侧车道，一辆黄色工程车停靠在应急车道内，车顶装有警示灯并闪烁，周围设置有反光锥桶和警示标志，一名身穿反光背心的工作人员在车辆旁进行作业。施工区域占用部分车道，导致该车道通行能力下降，后方车辆需减速并变道绕行，影响了正常交通流。现场可见施工设备及警示标志，且无明显施工围挡或临时隔离设施，符合占道施工特征。整体交通秩序虽未完全中断，但存在局部拥堵风险。
205,5058,拥堵_20240208172331_突发事件_35358444.mp4,拥堵,多车事故,2024年02月08日17:23至17:24，在某高速公路路段发生一起多车事故。涉事车辆包括一辆白色轿车和一辆蓝色SUV，其中白色轿车与蓝色SUV发生碰撞，导致两车产生明显碰撞痕迹且位置异常，横跨车道，影响后方车辆正常通行。事故现场有人员下车查看情况，其他车辆被迫紧急避让或停滞，造成该路段交通流受阻，进一步引发了进一步的拥堵现象。异常特征表现为车辆位置异常、人员下车处理、其他车辆紧急避让或停滞，且事故区域位于城市快速路，影响范围较长，持续时间较长，符合多车事故的判断标准。
208,5061,占道施工_20231028034247_运行安全_35008868.mp4,占道施工,拥堵,2023年10月28日03时42分至03时43分，外环高速吴中路路段夜间出现占道施工交通事件。现场可见多组红白相间的交通锥桶沿道路右侧车道有序摆放，形成临时隔离带，占用部分行车道，导致车辆需绕行或减速通过。施工区域未见明显施工人员或工程车辆，但锥桶排列整齐且持续存在，表明正在进行或准备进行道路施工。受此影响，过往车辆包括轿车、货车、厢式货车及大型运输车等均需调整行驶轨迹，部分车辆因避让施工区域而出现变道或减速行为，整体交通流出现轻微拥堵趋势。异常特征为车道被施工设施占用，车辆通行受阻，且无警示标志或施工人员在场，存在潜在安全隐患。
209,5062,异常停车_20230715182223_突发事件_1150795.mp4,异常停车,二轮车辆闯入,2023年7月15日18时22分28秒，在外环高速沪渝立交附近路段，一辆二轮车驶入主路，进入高速公路行车道。该二轮车为摩托车，驾驶员佩戴头盔，车辆无明显牌照。该行为属于典型的二轮车辆闯入高速公路的异常事件。
210,5063,异常停车_20231228223224_突发事件_35273744.mp4,异常停车,多车事故,多车事故
211,5064,异常停车_20240516101422_突发事件_35596379.mp4,异常停车,多车事故,多车事故
216,5069,拥堵_20240129130206_突发事件_35344996.mp4,拥堵,抛洒物,2024年3月19日14时30分至14时31分，S20内至G60出省方向的高架路段出现交通拥堵事件。该路段位于通往杭州方向（G60）与浦东机场方向（S20）的交汇处，道路两侧有绿化带和指示牌，上方有高架桥结构。视频显示，多辆机动车在该路段缓慢行驶或处于停滞状态，车辆排成长队，包括轿车、货车、客车及大型运输车等，其中可见白色厢式货车、红色轿车、蓝色出租车以及一辆白色油罐车等。车辆间距明显缩小，车速显著降低，部分车辆在尝试变道或减速，但整体通行效率极低。拥堵持续时间较长，未见明显缓解趋势，且无施工设施、异常停车或抛洒物等其他干扰因素，推测为高峰时段车流量过大所致。该事件对过往车辆造成较大影响，导致通行速度下降，存在安全隐患。
218,5071,异常停车_20230720141316_突发事件_33390267.mp4,异常停车,拥堵,2023年7月20日14时13分15秒至14时14分12秒，外环高速莘庄立交东（外）路段出现严重交通拥堵事件。该路段为双向多车道高速公路，路面湿滑，天气阴雨，能见度较低。视频显示，大量机动车包括轿车、货车、客车及大型运输车辆在多个车道内缓慢行驶或完全停滞，车流密集且持续无缓解趋势，车辆间距极小，部分车辆处于低速蠕动状态。涉事车辆主要为各类私家车、厢式货车、集装箱卡车及少量出租车，其中红色、蓝色、黄色等颜色较为明显的货车尤为突出。由于车流量大且通行速度极低，导致后方车辆被迫减速并排成长队，形成典型的拥堵现象。未见明显的事故碰撞痕迹、施工设施或抛洒物，也无异常停车或二轮车辆闯入情况，推测拥堵可能由上游交通压力或前方瓶颈路段引发。整体影响为该区域通行效率显著下降，存在潜在安全隐患，尤其在雨天湿滑路面上，极易引发追尾和追尾后车道的追尾行为。
219,5072,拥堵_20240316164340_突发事件_35416634.mp4,拥堵,多车事故,2024年3月16日星期六16:45至16:46，在外环高速蕴川立交西枪机2处，多辆车辆包括轿车和货车在行车道上发生事故，涉事车辆由于避让或急刹导致车辆位置异常，部分车辆斜停或成串停靠，现场有人员下车交涉，其他车辆被迫紧急避让或减速绕行，造成该路段交通流明显受阻，存在明显的异常停车和碰撞痕迹，符合多车事故的典型特征。
223,5076,异常停车_20240607083359_突发事件_35682823.mp4,异常停车,多车事故,2024年6月7日08时33分53秒至08时34分12秒，外环高速沪太立交西2枪机2监控画面显示，一辆白色货车在最右侧应急车道内停靠，车辆开启双闪灯。
224,5077,拥堵_20240321110224_突发事件_35430273.mp4,拥堵,抛洒物,2023年12月21日11时05分，外环高速沪太立交西段出现严重交通拥堵，多辆轿车、货车及大型运输车辆在道路上缓慢行驶或完全停滞，车辆排成长队，车距极短，部分车辆处于静止状态，后方车辆被迫减速绕行，交通流明显受阻，持续时间超过10秒且无缓解趋势，符合拥堵判断标准。现场未见异常停车、施工设施、事故痕迹或抛洒物，但因车流量大导致通行效率显著下降，影响正常交通秩序。
228,5081,异常停车_20230720131040_突发事件_33389877.mp4,异常停车,拥堵,2023年7月20日13时10分至13时11分，外环高速沪渝立交段出现严重交通拥堵，现场为雨天湿滑路面，能见度较低。视频显示，多辆小轿车、货车及大型运输车辆在湿滑路面上缓慢行驶或完全停止，车流密集且持续排队，车辆间距极小，部分车辆刹车灯亮起，显示通行速度极低。道路两侧绿化带清晰可见，无施工设施或障碍物阻挡车道，亦未发现异常停车、事故或抛洒物等情况。整体表现为典型的雨天高峰时段交通拥堵现象，影响范围覆盖多个车道，车辆排队长达数百米，且无缓解趋势，符合拥堵判断标准中的多辆车缓慢移动、排队长度异常、发生在瓶颈区域等特征。
229,5082,异常停车_20230718122756_突发事件_1960711.mp4,异常停车,二轮车辆闯入,2023年7月18日12时28分04秒至12时28分12秒，外环高速丰翔路路段出现二轮车辆闯入交通事件。一辆摩托车从右侧第三车道驶入主车道，随后在多车道高速公路上行驶，未见其佩戴头盔，且无专用二轮车道标识，其行驶路径与正常行驶车辆存在明显冲突，存在较大安全隐患。该行为违反了高速公路禁止二轮车辆通行的规定，构成典型的二轮车辆闯入异常事件。
231,5084,拥堵_20240227081853_突发事件_35376549.mp4,拥堵,多车事故,多车事故
233,5086,二轮车辆闯入_20230718173743_突发事件_1962266.mp4,二轮车辆闯入,拥堵,2023年7月18日17时37分至17时38分，外环高速莘朱路路段出现交通拥堵事件。该路段为多车道高速公路，双向车流密集，车辆包括轿车、货车、客车及公交车等各类机动车。视频显示，从17:37:39开始，道路车流量逐渐增大，车辆行驶缓慢，部分车辆出现排队现象，尤其在画面中段及后期，车辆间距明显缩小，车速降低，形成持续性缓行状态。涉事车辆包括蓝色JAC货车、白色大巴车、黑色SUV、红色轿车以及多辆私家车和出租车，均在正常车道内行驶，未见异常停车、事故或施工迹象。由于车流密度高且持续时间较长，导致通行效率下降，后方车辆被迫减速并保持低速行驶，影响了整体道路通行能力。此拥堵现象符合高峰时段交通压力特征，无明显异常停车、占道施工、二轮车辆闯入或抛洒物等其他异常情况，主要表现为典型拥堵特征，即车辆排队缓行，但未完全停止，且无缓解趋势。
235,5088,二轮车辆闯入_20230719091351_突发事件_1966474.mp4,二轮车辆闯入,多车事故,2023年7月19日星期三上午9时13分至9时14分，外环高速同济路路段发生一起多车事故。事故发生在道路右侧车道，涉事车辆包括一辆白色轿车和一辆黑色轿车，视频中俩车在最右侧车道双闪停靠，疑似两车在行驶过程中发生碰撞，导致白色轿车停靠在应急车道，车门打开，驾驶员下车站在车旁。黑色轿车则斜停在行车道上，影响后方车辆正常通行。事故发生后，后方车辆出现减速绕行现象，交通流受到明显影响，形成短暂拥堵。现场未见明显人员伤亡或严重损坏，但存在车辆位置异常、人员下车交涉等典型多车事故特征。
246,5099,拥堵_20240310131829_突发事件_35398754.mp4,拥堵,抛洒物,2024年3月10日13时18分至13时19分，G60市区方向至S20内2枪机2监控路段出现交通拥堵事件。该路段为城市高架道路，右侧设有隔音屏障，左侧为绿化带。视频显示，多辆小轿车、货车及厢式货车在车道内缓慢行驶或完全停止，车辆间距明显缩小，车流密度高，持续时间超过一分钟且无缓解趋势，符合拥堵判断标准。涉事车辆包括白色、黑色、红色等多种颜色的小型轿车、厢式货车及大型货运卡车，部分车辆在缓慢移动中频繁刹车，后方车辆被迫减速跟随，导致整体通行效率下降。现场未见施工设施、异常停车或事故迹象，也无二轮车辆闯入或抛洒物情况，但因车流量大且车辆密集，造成通行受阻，影响正常交通秩序。
247,5100,占道施工_20240116233955_运行安全_35322847.mp4,占道施工,拥堵,2024年1月16日23时39分至23时40分，在S4市区方向至G60出省方向的路段上，发生了一起占道施工交通事件。现场可见多辆车辆在夜间行驶过程中需要绕行，车道数量减少，施工区域设有多个橙白相间的交通锥桶进行隔离，施工车辆停在车道上，车顶闪烁着警示灯。涉事车辆包括一辆黄色工程车，它们在施工区域附近进行施工作业，导致车道数量减少，影响了正常交通流。此外，施工区域设有明显的警示标志和反光设施，确保过往车辆能够及时注意到施工情况并采取相应措施。整个过程中，车辆有序变道行驶，未出现严重的交通拥堵现象，但存在一定的通行压力和安全隐患。异常特征表现为车道被施工设施遮挡、车辆需变道或减速、施工车辆停驻以及施工区域设有警示标志。
254,5107,二轮车辆闯入_20230722154348_突发事件_33394713.mp4,二轮车辆闯入,多车事故,多车事故
259,5112,异常停车_20240622182042_突发事件_35719182.mp4,异常停车,多车事故,多车事故
263,5116,占道施工_20240618001753_运行安全_35710703.mp4,占道施工,拥堵,2024年6月18日00:17:53至00:18:53，在嘉闵西侧定焦13路段，发生了一起占道施工交通事件。视频中可以看到，一辆工程车辆停在右侧车道上，多名施工人员穿着反光背心在车辆周围进行作业，路面上摆放了多个橙色交通锥桶以隔离施工区域。由于施工占用了一部分车道，导致车道数量减少，过往车辆需减速并变道行驶，对交通流产生了一定影响。此外，施工区域设有警示牌和闪烁警示灯，提醒驾驶员注意避让。整个过程中，施工人员有序地进行作业，未造成严重的交通拥堵，但确实对道路通行造成了一定程度的干扰。
271,5124,异常停车_20230715101937_突发事件_1149268.mp4,异常停车,多车事故,多车事故
281,5134,异常停车_20240529084945_突发事件_35649483.mp4,异常停车,二轮车辆闯入,2024年5月29日08时42分至08时43分，外环高速吴淞江桥南路段，一辆红色货车在右侧应急车道内长时间静止不动，车辆未开启双闪灯，驾驶员下车查看，车辆明显处于异常停车状态。该车停靠位置位于道路右侧护栏旁，未见任何施工或故障迹象，且周围无其他施工或事故车辆停留或散落，也无二轮车辆闯入情况。后方车辆正常行驶未出现绕行或减速现象，但该车长时间静止导致后方车辆通行受阻，存在潜在交通安全隐患。
286,5139,异常停车_20240621201008_突发事件_35717757.mp4,异常停车,多车事故,2024年6月21日20时10分至20时11分，外环高速吴淞江桥南路段发生一起多车事故。事发时段为夜间，路面湿滑，能见度较低。事故发生在由南向北方向的行车道上，涉事车辆包括俩辆轿车，其中一辆银色轿车在行驶过程中与前方白色车辆发生追尾，导致后方车辆紧急刹车并引发连锁碰撞。事故现场有车辆驾驶员下车查看情况，后方车辆被迫减速绕行，交通流明显受阻，车速下降，形成短时拥堵。异常特征表现为多车连续碰撞痕迹、车辆位置异常、刹车灯密集亮起以及后方车辆避让行为，符合多车事故判断标准。
287,5140,二轮车辆闯入_20230722140741_突发事件_33394617.mp4,二轮车辆闯入,拥堵,2023年7月22日14时07分至14时08分，外环高速龙吴路路段出现交通拥堵事件。该路段为多车道高速公路，双向车流密集，左侧车道车辆行驶缓慢，形成明显排队现象，车辆间距缩小，车速降低，部分车辆处于低速蠕行状态，持续时间约1分钟且无缓解趋势。涉事车辆包括多辆轿车、货车及厢式货车，其中红色集装箱货车、白色厢式货车和黄色出租车等车辆在拥堵中较为突出。右侧车道车流相对顺畅，未受影响。拥堵区域位于道路中央隔离带附近，道路两侧绿树成荫，无施工设施或障碍物，亦无异常停车、事故或抛洒物迹象，但因车流量大导致通行效率下降，形成典型的高峰时段拥堵特征。
291,5144,占道施工_20240510000455_运行安全_35575681.mp4,占道施工,拥堵,2024年5月10日00:04:25至00:05:24，在S26沪常高速CCTV16（K14+780上海地道出口门架）上，发生了一起占道施工交通事件。现场可见一辆工程车辆缓慢行驶在右侧车道上，车顶闪烁着警示灯，周围放置了多个红白相间的交通锥桶，用于隔离施工区域。施工人员穿着反光背心，正在进行相关操作。由于施工占用了一部分车道，导致车辆需减速并变道行驶，对正常交通流产生了一定影响。此外，施工区域设有明显的警示标志，提醒过往车辆注意避让，确保行车安全。整个过程中，施工行为有序进行，未引发严重拥堵或事故。
300,5153,异常停车_20230717211102_突发事件_1956593.mp4,异常停车,抛洒物,2023年7月17日21时11分04秒至21时11分54秒，外环高速吴中入口匝道（外）路段出现抛洒物交通事件。在视频画面右侧车道边缘，可见一白色异物遗落在路面，疑似为货车运输过程中掉落的货物包装材料或杂物。该异物位于行车道中央，尺寸较大，足以影响车辆正常通行。期间多辆货车、轿车经过该区域，部分车辆在接近该异物时出现轻微减速或避让行为，但未发生碰撞或紧急刹车等事故。涉事车辆包括一辆装载大量书籍的红色货车及后续驶来的多辆货车和轿车。由于该异物位于行车道边缘，未设置警示标志，且无人员下车处理，存在较大安全隐患，可能引发追尾或侧滑事故。异常特征表现为：异物长期滞留、无明显警示措施、未被清理，且未见车辆主动处理。
305,5158,二轮车辆闯入_20230718132546_突发事件_1960926.mp4,二轮车辆闯入,异常停车,2023年7月18日13时25分42秒至13时26分09秒，嘉闵西侧真南路出口路段出现异常停车事件。一辆白色轿车在右侧应急车道内完全静止，车辆未开启双闪灯，且驾驶员未下车处理，车辆长时间停靠在非停车区域。该车停靠位置位于道路右侧护栏旁，周围无施工设施或警示标志，不符合临时停车规范。其行为导致后方车辆被迫减速绕行，影响了正常交通流，存在安全隐患。该事件持续约1分钟，期间多辆汽车从其左侧车道正常通过，未见明显碰撞或紧急避让情况。
308,5161,异常停车_20240604100347_突发事件_35671119.mp4,异常停车,二轮车辆闯入,2023年7月16日13时50分至13时51分，外环高速吴中入口匝道（外）路段出现交通拥堵事件。该路段为多车道高速公路，车流密集，主要由轿车、货车及少量客车组成，车辆在多个车道上缓慢行驶或处于停滞状态，排队长度持续延伸，未见明显事故或障碍物。涉事车辆包括各类小型客车、厢式货车、集装箱卡车及大型集装箱运输车，均在正常车道内行驶，无异常停车或碰撞迹象。拥堵主要集中在主路与匝道交汇区域，车辆通行速度显著降低，部分车辆频繁变道，但整体秩序尚可维持。该事件无明显异常停车、施工、抛洒物或二轮车辆闯入等特征，推测为高峰时段车流量过大所致，影响范围覆盖多个车道，持续时间约一分钟，且无缓解趋势。
310,5163,拥堵_20231218084041_突发事件_35238464.mp4,拥堵,多车事故,2023年11月13日星期一上午9时09分至9时10分，在G60市区方向至S20内2枪机2监控路段，发生多车事故。涉事车辆包括一辆白色轿车、一辆黑色轿车，其中白色轿车与前方白色货车或货车后部存在碰撞痕迹，黑色轿车随后紧急刹车并斜停于行车道上，导致后方车辆被迫减速或绕行。事故现场有人员下车交涉，交通受阻，车辆均出现缓慢移动或停滞现象，造成短时拥堵。其他车辆因避让或跟随事故车辆而出现错道、变道行为，进一步加剧了交通混乱。该事件符合多车事故判断标准，表现为两辆及以上车辆可见碰撞痕迹，车辆位置异常，且无明显施工或抛洒物干扰，符合典型多车事故特征。
313,5166,异常停车_20240607122524_突发事件_35683599.mp4,异常停车,多车事故,多车事故
314,5167,二轮车辆闯入_20230717135559_突发事件_1157988.mp4,二轮车辆闯入,抛洒物,2023年7月18日13时55分至13时56分，S20外环高速至G60沪昆高速出省方向10km模2路段，监控画面显示道路右侧应急车道边缘有一根金属管状物体静止在路面，疑似抛洒物。该物体位于道路右侧边缘，未见明显移动，但根据现场环境推测，其可能来自过往车辆掉落，或来自施工过程中遗落的水泥管等物品。由于该物体位于行车道与应急车道之间，且无施工迹象或事故痕迹，且该区域为高速公路弯道区域，存在潜在安全隐患，可能引发车辆紧急避让或刮擦风险。现场无人员下车处理，也未见车辆因该物体而减速或变道，但后续有车辆正常通过该区域，未出现拥堵或异常停车情况。该事件属于典型的抛洒物交通异常，可能对夜间或雨天行车安全造成影响。
315,5168,二轮车辆闯入_20230719082253_突发事件_1966685.mp4,二轮车辆闯入,拥堵,2023年7月19日星期三上午8时08分至8时09分，北环高速同济路立交南段出现交通拥堵事件。该路段为多车道高速公路，双向车流密集，其中南向车道车辆行驶缓慢，部分车辆处于低速蠕动状态，排队长度持续增加，形成明显拥堵。涉事车辆包括多辆轿车、货车及一辆大型客车，均在正常行驶过程中受阻，未见异常停车或事故迹象。车辆在通过立交桥区域时因车道变窄而减速，部分车辆在接近汇入口处频繁变道，导致通行效率下降。拥堵主要集中在靠近立交桥的右侧车道，影响范围覆盖多个车道，且持续时间较长，未见缓解趋势。异常特征表现为车辆间距缩小、行驶速度显著降低，符合典型拥堵判断标准。
316,5169,占道施工_20240120230804_运行安全_35329936.mp4,占道施工,拥堵,2024年01月20日23:10:45至23:10:56，在外环高速富长路西枪机1处，发生了一起占道施工交通事件。现场可见多辆工程车辆和施工人员，他们穿着反光背心，正在车道上进行施工作业。施工区域被多个锥桶遮挡，导致车道数量减少，车辆需变道或减速通行。涉事车辆包括两辆黄色工程车，它们停在施工区域内，协助施工人员操作设备。由于施工影响，该路段的交通流量明显减缓，过往车辆被迫减速或绕行，但未造成严重拥堵。异常特征包括施工设施占据部分车道、施工人员在场操作设备以及车辆因施工而改变行驶路线。
317,5170,二轮车辆闯入_20230717162532_突发事件_1356500.mp4,二轮车辆闯入,拥堵,2023年7月17日星期一16时25分至16时26分，位于城市高架桥路段的交通监控画面显示，该区域出现拥堵现象。视频显示，多辆机动车在该路段缓慢行驶或完全停止，车辆排成长队，车距明显缩短，部分车辆处于静止状态，持续时间超过一分钟且无缓解趋势。涉事车辆包括轿车、货车、面包车及一辆摩托车，其中摩托车驾驶员身穿深色衣物，在车流中穿行，未对其他车辆造成明显影响。该路段为多车道高架道路，两侧设有隔音屏障和交通标志，无施工设施或障碍物，也未见异常停车或事故迹象，但因车流量大且通行速度显著降低，导致整体交通流受阻，形成典型的拥堵事件。
318,5171,占道施工_20231022232105_运行安全_34979090.mp4,占道施工,拥堵,2023年10月22日23时21分至23时22分，外环高速莘庄立交东南方向路段发生占道施工交通事件。现场可见多组交通锥桶沿道路左侧车道有序摆放，形成临时隔离带，一名身穿反光背心的工作人员在锥桶附近进行作业，车辆需绕行或减速通过。该施工区域未见明显施工机械或围挡，但存在明显的车道缩减和引导措施，导致过往车辆行驶路径有限，存在一定的通行影响。整体交通流保持缓慢通行状态，未出现拥堵或事故现象，但施工区域已对正常交通造成一定影响。
321,5174,二轮车辆闯入_20230721140318_突发事件_33393694.mp4,二轮车辆闯入,多车事故,多车事故
323,5176,占道施工_20230819230756_运行安全_34614829.mp4,占道施工,拥堵,2023年8月19日23时07分至23时08分，外环高速沪太立交东段发生占道施工交通事件。现场可见一辆黄色工程车停靠在右侧车道，车身带有反光标识，周围设置多个橙白相间的交通锥桶，形成临时隔离区域。一名身穿反光背心的工作人员在工程车旁进行作业，疑似进行道路维护或施工准备。该施工区域位于高速公路右侧车道，导致该车道被部分封闭，过往车辆需减速绕行，影响了正常通行效率。施工区域未见明显警示牌或闪烁警示灯，但通过交通锥桶和工程车的布置，已形成有效隔离，符合占道施工特征。整体交通流保持有序，未出现拥堵或事故现象，但存在潜在安全隐患。
325,5178,多车事故_20240615170147_突发事件_35706881.mp4,多车事故,拥堵,2024年6月15日17时01分至17时02分，嘉闵西侧定焦05监控点位拍摄到隧道内发生交通拥堵事件。事发地点位于城市高架桥路段，道路两侧设有隔音屏障，车流密集且持续缓慢移动。视频显示，多辆小轿车、SUV及一辆黄色出租车在该路段排队缓行，车辆间距明显缩小，车速显著降低，部分车辆刹车灯亮起，表明车辆处于低速或停滞状态。拥堵主要集中在画面右侧车道，车辆排成长队，未见明显事故或障碍物，但整体通行效率显著下降，影响了正常交通秩序。异常特征表现为长时间、大范围的车辆缓行，符合拥堵判断标准中的多辆车缓慢移动、排队长度超常且无缓解趋势等条件。
326,5179,拥堵_20240116105943_突发事件_35321896.mp4,拥堵,多车事故,多车事故
327,5180,异常停车_20240624123347_突发事件_35721832.mp4,异常停车,多车事故,2024年6月24日12时37分，外环高速沪太立交东2枪机监控画面显示，双向车道车流正常行驶，一辆红色货车停靠在最右侧应急车道内，车辆开启双闪灯，且驾驶员下车查看，随后返回车内。
330,5183,占道施工_20231211231122_运行安全_35212069.mp4,占道施工,异常停车,2023年12月11日23时11分至23时12分，外环高速顾戴路北（内）路段夜间出现占道施工交通事件。现场可见多辆工程车辆停靠在道路右侧车道，包括一辆黄色工程车和数辆闪烁警示灯的作业车，周围设置有连续排列的交通锥桶，形成临时隔离带，占用部分行车道。施工区域有工作人员身穿反光背心在作业区域附近活动，部分车辆因施工导致车道变窄，行驶速度减缓，后方车辆需减速通过。该施工行为未见明显施工警示牌或施工围挡，但通过交通锥桶和警示灯对车道进行有效隔离，符合占道施工特征。整体交通流受影响，存在轻微拥堵风险，但未发生交通事故或异常停车情况。
333,5186,异常停车_20240517235647_突发事件_35602489.mp4,异常停车,占道施工,2024年5月17日23时56分至23时57分，嘉闵高架东侧隧道内发生占道施工交通事件。现场可见多辆车辆在隧道内缓慢行驶，其中一辆黄色工程车停靠在最右侧车道，车旁有施工人员及施工设备，车辆均开启警示灯。施工区域设有明显的警示牌和闪烁警示灯，对过往车辆造成一定影响，导致部分车道被占用，车辆需减速避让。该行为符合占道施工标准，存在车道缩减、施工人员操作设备等特征，对正常交通流造成一定干扰。
336,5189,二轮车辆闯入_20230721133655_突发事件_33393668.mp4,二轮车辆闯入,异常停车,2023年7月21日13时36分52秒至13时37分51秒，位于S4市区方向至S20的高架道路路段，一辆白色轿车在右侧应急车道上长时间静止不动，车辆未开启双闪灯，驾驶员下车查看情况，后方多辆车辆被迫减速绕行，造成短时交通拥堵。该车辆停靠位置位于行车道内，非停车区域，且无任何施工或故障迹象，属于异常停车行为，影响了正常交通流。
337,5190,异常停车_20240510100530_突发事件_35577578.mp4,异常停车,拥堵,2024年5月10日10时05分至10时06分，外环高速龙吴路路段发生一起多车事故。事故发生在双向车道中的南向车道，涉事车辆包括货车及一辆白色面包车，视频中最左侧车道已经发生事故，车俩双闪停靠。事故现场可见多辆车位置异常，部分车辆斜停或横跨车道，造成交通流明显受阻。事故发生后，后续车辆被迫减速绕行，形成拥堵态势，影响范围持续扩大。事故未见明显人员下车交涉或交警到场处理，但已引发较大程度的通行延误。异常特征表现为车辆密集排列、行驶速度显著下降以及车道内存在多点碰撞痕迹。
347,5200,占道施工_20230725005318_运行安全_33398335.mp4,占道施工,拥堵,2023年7月25日00:53至00:54期间，嘉闵高架路东侧嘉美路南段发生占道施工交通事件。现场可见一辆工程作业车缓慢行驶在道路右侧车道，车顶警示灯持续闪烁，周围设置了一排红白相间的交通锥桶，形成临时隔离带，占用部分行车道。该施工区域位于道路右侧靠近护栏处，导致右侧车道通行空间受限，过往车辆需减速并变道绕行。施工车辆未见明显作业人员活动，但存在明显的施工警示标志和灯光提示，符合占道施工特征。受此影响，后方车辆行驶速度明显降低，部分车辆因避让施工区域而出现轻微变道行为，整体交通流未出现严重拥堵，但存在潜在安全隐患。
350,5203,二轮车辆闯入_20230718094910_突发事件_1959761.mp4,二轮车辆闯入,拥堵,2023年7月18日星期一上午9时47分，外环高速仙霞路南（外）路段出现交通拥堵事件。该路段为多车道高速公路，双向车流密集，左侧车道车辆行驶缓慢，形成明显排队现象，车辆间距缩小，车速降低，部分车辆处于低速蠕行状态，持续时间超过10秒且无缓解趋势。涉事车辆包括多辆轿车、货车及厢式货车，其中白色厢式货车、蓝色集装箱货车、红色厢式货车等在车流中穿行，未见异常停车或事故迹象。右侧车道车流相对顺畅，但受左侧拥堵影响，整体通行效率下降。拥堵区域位于道路中央隔离带附近，靠近匝道入口处，可能因前方匝道汇入流量增加导致车流集中。现场未发现施工设施、抛洒物或二轮车辆闯入等其他异常情况，也无明显碰撞痕迹或人员下车交涉行为，初步判断为因前方道路瓶颈引发的常态化拥堵事件，对通行造成较大影响。
352,5205,异常停车_20240110053300_突发事件_35306113.mp4,异常停车,占道施工,2024年1月1日5时32分至5时33分，在武宁路地道北线东向西方向，一辆红色货车在道路右侧车道上完全静止，车辆开启双闪灯，驾驶员在车旁活动，但车辆无明显故障迹象。该车停靠位置位于施工区域附近，有明显的施工警示标志，表明该区域正在进行占道施工。施工区域设有“施工”警示牌，车道被部分封闭，导致车辆需绕行或减速通过。视频中可见多辆车辆依次通过该区域，包括小型轿车和大型货车，均未出现紧急避让或拥堵现象，但施工区域的存在对通行造成一定影响。此行为符合占道施工的异常特征，存在安全隐患。
353,5206,多车事故_20240621121139_突发事件_35716923.mp4,多车事故,拥堵,2024年6月21日12时10分至12时11分，在外环高速北翟路立交北侧路段，发生了一起严重的交通拥堵事件。视频显示，多辆货车和轿车在该路段缓慢移动或完全停止，排队车辆长度超过正常范围，且持续一段时间无缓解趋势。涉事车辆包括红色、白色和黑色的货车，它们密集地排列在车道上，导致道路通行效率显著下降。此次拥堵发生在高速公路的瓶颈区域，严重影响了过往车辆的正常行驶，异常特征表现为车辆行驶速度极低，部分车辆甚至处于静止状态，整个场景呈现出典型的交通拥堵状态。
355,5208,拥堵_20240315065016_突发事件_35411243.mp4,拥堵,抛洒物,2024年3月15日06:50:00至06:51:00期间，外环高速龙吴路路段出现抛洒物交通事件。在视频画面中，一条白色长条状物体（疑似货物包装或布料）位于道路中间车道，位置相对固定，未见明显移动。该抛洒物出现在车流密集区域，车辆行驶速度较慢，部分车辆在经过该区域时出现轻微避让或减速行为，但未发生碰撞或紧急刹车。该抛洒物对通行造成一定影响，尤其在高峰时段易引发安全隐患，且未见有人员下车处理或清理。异常特征表现为：异物尺寸较大、持续存在于行车道中、无警示标志提示，构成潜在交通事故风险。
365,5218,异常停车_20240510182519_突发事件_35579441.mp4,异常停车,抛洒物,2024年5月10日18时25分至18时26分，外环高速京沪立交南侧路段出现交通拥堵事件。该路段为多车道高速公路，双向车流密集，左侧方向车辆行驶缓慢，形成明显排队现象，车辆间距缩小，车速降低，部分车辆处于低速蠕动状态，持续时间超过一分钟且无缓解趋势。涉事车辆包括多辆轿车、货车及大型运输车，如红色厢式货车、白色厢式货车、黄色平板拖车等，均在正常车道内行驶，未见异常停车或事故迹象。右侧方向车流相对顺畅，但受左侧拥堵影响，部分车辆在接近出口匝道处出现减速避让行为。拥堵区域位于立交桥附近，受匝道汇流影响，车流量大，导致通行效率下降。整体表现为典型的城市快速路高峰时段拥堵特征，无明显施工、事故或抛洒物等直接诱因，主要表现为因车流密度增加引发的通行能力下降。
368,5221,占道施工_20231117003656_运行安全_35111958.mp4,占道施工,拥堵,2023年11月17日00:36至00:37期间，在北环高速富锦路枪机1监控范围内，位于道路右侧车道出现占道施工交通事件。现场可见两名身穿反光背心的施工人员在道路右侧车道内作业，其中一人手持工具在路面进行施工作业，另一人站在旁边观察。施工区域用多个红白相间的交通锥桶进行隔离，形成临时作业区。施工区域占用部分行车道，导致该车道通行空间受限，车辆需减速绕行或变道通过。施工区域内未见明显的警示牌或闪烁警示灯，但施工人员的行为符合占道施工的典型特征。该施工行为对右侧车道通行造成一定影响，过往车辆出现轻微减速和变道行为，但整体交通流未出现严重拥堵。
372,5225,二轮车辆闯入_20230718104135_突发事件_1960293.mp4,二轮车辆闯入,拥堵,2023年7月18日星期二10时41分，外环高速吴中路路段出现交通拥堵事件，现场多辆机动车在道路上缓慢行驶或停滞，车辆排成长队，车流密度明显增大，通行速度显著下降。涉事车辆包括多辆轿车、货车及厢式运输车，其中白色厢式货车、红色集装箱货车、白色厢式货车和蓝色轿车等均处于低速行驶状态，部分车辆频繁变道或减速避让，导致后方车辆被迫跟随减速。道路两侧设有绿色护栏和警示标志，右侧车道有黄色隔离带分隔行车道，但未见施工设施或事故痕迹。整体车流呈现持续性缓行状态，无明显碰撞或抛洒物，也无异常停车或占道行为，但因车流量大且车辆密度高，形成典型拥堵现象，影响了该路段的正常通行效率。
373,5226,异常停车_20240508124653_突发事件_35570236.mp4,异常停车,拥堵,2024年5月8日12时46分至12时47分，外环高速莘庄立交东（外）路段出现交通拥堵事件。该路段为多车道高速公路，车流密集，主要由货车和轿车组成，其中红色、蓝色、黄色等货车占据主要通行位置。视频显示，车辆在多个车道上缓慢行驶，部分车辆间歇性停顿，形成连续的排队现象，且持续时间超过一分钟，无明显缓解趋势。涉事车辆包括多辆大型货车（如红色、蓝色、黄色）及小型轿车，均处于低速移动状态，未见明显事故或障碍物导致停车。道路右侧设有“出口”指示牌，但未见施工设施或人员，也无抛洒物或异常停车情况。整体影响表现为通行效率显著下降，车辆通行速度明显低于正常水平，符合拥堵判断标准中的“多辆车缓慢移动或完全停止”、“排队车辆长度超过正常范围”以及“持续一段时间且无缓解趋势”。
376,5229,异常停车_20240613191019_突发事件_35702759.mp4,异常停车,二轮车辆闯入,2024年6月13日19时10分至19时11分，G2进外环外圈匝道03路段出现交通拥堵事件。该路段为城市快速路，双向多车道，夜间路面湿滑，车辆行驶缓慢。视频显示，从19:10:15开始，道路车流量较大，多辆轿车、货车及厢式运输车在车道内依次排队缓行，车距明显缩短，刹车灯持续亮起，表明车辆处于低速行驶或短暂停滞状态。其中一辆红色货车在右侧车道缓慢行驶，后方车辆持续排队，形成较长的车龙，尤其靠近匝道汇入区域。由于车流密集且无明显事故或障碍物，推测拥堵可能由上游交通压力或匝道汇入导致。整个过程中未见异常停车、施工、抛洒物或二轮车辆闯入等情况，但车辆通行效率显著下降，影响了正常通行秩序。
378,5231,二轮车辆闯入_20230715120950_突发事件_1149592.mp4,二轮车辆闯入,拥堵,2023年7月21日12时09分至12时10分，外环高速武威路南（内）路段出现交通拥堵事件。该路段为多车道高速公路，车流密集，车辆包括轿车、货车、客车及大型运输车辆等，其中以红色和黄色货车较为显著。视频显示，车辆在多个车道上缓慢行驶，部分车辆间距极小，整体车速明显降低，排队长度持续增加，未见明显事故或障碍物，但交通流量较大导致通行效率下降。拥堵主要集中在道路中间区域，影响范围覆盖多个车道，导致后方车辆被迫减速或变道，存在潜在追尾风险。异常特征表现为长时间低速行驶、车辆密集排列以及驾驶员减速行为，符合典型拥堵判断标准。
381,5234,异常停车_20240517064328_突发事件_35598752.mp4,异常停车,抛洒物,2024年5月15日06时43分22秒至06时44分20秒，外环高速曹安路北七枪机1路段，在右侧车道出现一块棕色纸板状异物，该异物随后被风吹至右侧车道空气中。随后车辆正常行驶未发生明显避让或急刹行为，未见涉事车辆。该异物持续存在于路面，属于典型的抛洒物事件。
382,5235,占道施工_20231214032816_运行安全_35220924.mp4,占道施工,拥堵,2023年12月14日03时28分至03时29分，嘉闵西侧汇聚机箱路段夜间出现占道施工交通事件。现场可见一辆工程车辆停靠在道路左侧，车顶警示灯闪烁，周围设置了一排红白相间的交通锥桶，形成临时隔离带，占用部分车道。该施工区域位于道路左侧，车辆需绕行或减速通过。视频中有多辆汽车和货车依次通过施工区域，其中一辆白色轿车在03:28:28左右从左侧车道驶入，随后在03:29:00左右驶出，均正常行驶未见异常行为。施工区域未见明显施工人员活动，但存在明显的施工设施布置，包括锥桶、警示灯及围挡，符合占道施工特征。该事件导致车道数量减少，影响了正常通行效率，但未引发拥堵或事故，整体交通秩序保持有序。
383,5236,二轮车辆闯入_20230721000717_突发事件_33392877.mp4,二轮车辆闯入,多车事故,2023年7月21日00:07:15至00:07:45期间，外环高速莘庄立交北段发生一起多车事故。事故发生在夜间，道路照明良好，路面湿滑。涉事车辆包括一辆白色厢式货车、一辆黑色轿车，其中白色厢式货车在中间车道停车双闪，右侧车道黑色车辆与后方红色货车发生追尾，导致后方车辆紧急刹车或绕行。现场未见明显人员下车交涉或交警到场，但事故造成该路段短时拥堵，车辆行驶缓慢，尾灯持续亮起，影响通行效率。异常特征表现为车辆位置异常、刹车灯密集亮起、后方车辆紧急避让，符合多车事故判断标准。
384,5237,占道施工_20240602013348_运行安全_35662957.mp4,占道施工,拥堵,2024年6月2日01:34，在外环高速顾戴路北（内）路段，发生了一起占道施工交通事件。现场可见多辆工程车辆和施工人员在进行作业，车道被锥桶遮挡，导致车道数量减少，车辆需变道或减速通行。施工区域设有警示牌和闪烁警示灯，以提醒过往车辆注意避让。受此影响，部分车辆被迫减速或绕行，交通流量受到影响，但未造成严重拥堵。异常特征包括施工设施占据部分车道、施工人员在场操作设备以及明显的警示标志。
388,5241,异常停车_20240508231531_突发事件_35571620.mp4,异常停车,拥堵,2024年5月8日23时15分至23时16分，在外环高速蕴藻浜桥北2（外）路段，发生了一起多车事故。涉事车辆包括一辆黑色轿车和一辆白色SUV，两车在行驶过程中发生碰撞，导致车辆位置异常，斜停在左侧道路。事故发生后，有人员下车进行交涉，现场秩序受到影响，其他车辆被迫紧急避让或停滞，造成了交通拥堵。异常特征表现为车辆明显碰撞痕迹、驾驶员及乘客下车交涉以及交通流受阻的情况。
392,5245,占道施工_20240116001646_运行安全_35320347.mp4,占道施工,拥堵,2024年1月16日00:16:40至00:17:38，在外环高速老沪闵路东（内）路段，发生了一起占道施工交通事件。现场可见车道被锥桶和施工车辆遮挡，多名施工人员穿着反光背心在进行作业，导致车道数量减少，车辆需变道或减速行驶。涉事车辆包括一辆黄色工程车和其他施工车辆，它们停在施工区域内，对过往车辆造成一定影响，导致车辆被迫绕行或减速。异常特征包括施工区域设有警示牌和闪烁警示灯，以提醒驾驶员注意避让，确保行车安全。整体来看，此次占道施工对夜间道路交通造成了一定的影响，但未引发严重拥堵或事故。
395,5248,二轮车辆闯入_20230720234240_突发事件_33392787.mp4,二轮车辆闯入,异常停车,2023年7月20日23时42分至23时43分，外环真南路入口路段夜间监控画面显示，一辆白色货车在道路右侧车道内长时间静止不动，车辆开启双闪灯，且无驾驶员下车或明显故障迹象。该车停靠位置位于行车道旁，非允许停车区域，导致后方多辆小型轿车被迫减速绕行，部分车辆变道避让，形成短暂交通拥堵。现场无施工设施、抛洒物或其他事故迹象，也未见二轮车辆闯入或异常停车行为，初步判断为临时故障或驾驶员不在车内所致的异常停车事件，对通行秩序造成一定影响。
401,5254,异常停车_20240524102242_突发事件_35631220.mp4,异常停车,拥堵,2024年05月24日10:22:39至10:23:38，上行水产路入口匝道03处发生拥堵事件，现场多辆汽车在该路段缓慢行驶或完全停止，车辆排成长队，持续时间超过一分钟且无明显缓解趋势，涉事车辆包括轿车、货车及面包车，它们在车道上依次缓慢前行，部分车辆因拥堵而变道，导致交通流受阻。此拥堵发生在城市高架道路的瓶颈区域，影响了整体通行效率，异常特征表现为车辆行驶速度显著降低，排队长度显著增加，且无施工或事故迹象，初步判断为典型高峰时段交通压力所致的拥堵现象。
405,5258,拥堵_20231105092324_突发事件_35049289.mp4,拥堵,多车事故,2023年11月5日09时23分至09时24分，位于城市高架道路南向车道发生一起多车事故。涉事车辆包括一辆白色轿车及左后方黑色轿车。视频显示，白色轿车与前方黑色轿车发生追尾碰撞，导致车辆位置异常，横跨部分车道，造成后方交通流拥堵。事故现场无明显人员下车交涉或交警到场，但车辆持续停驶及后方车辆紧急避让行为明显，导致该路段通行效率显著下降。事故区域位于城市快速路主干道，周边无施工或抛洒物迹象，初步判断为多车追尾事故，影响范围较大，且持续时间较长，持续影响后方车辆正常行驶。
407,5260,异常停车_20240614125537_突发事件_35704472.mp4,异常停车,多车事故,多车事故
411,5264,异常停车_20240621085612_突发事件_35716683.mp4,异常停车,拥堵,2024年6月21日星期五上午8时56分至8时57分，外环高速沪渝立交段出现交通拥堵事件。该路段为多车道高速公路，天气阴雨，路面湿滑，能见度较低。视频显示，从8:56:09开始，道路左侧车道车辆行驶缓慢，车流密集，多辆轿车、货车及厢式运输车在车道内依次排队缓行，尾灯持续亮起，表明车辆处于低速或停滞状态。右侧车道虽有车辆正常通行，但整体车流量较大，部分车辆在变道过程中存在轻微穿插行为。拥堵区域持续时间约一分钟，未见明显事故或障碍物导致阻塞，推测为早高峰时段车流集中所致。异常特征表现为车辆间距缩小、行驶速度显著降低，符合典型拥堵特征，对通行效率造成一定影响。
421,5274,异常停车_20240623205848_突发事件_35720487.mp4,异常停车,拥堵,2024年6月23日02时10分，外环高速沪太立交东2枪机2监控画面显示，在道路右侧应急车道上，一辆白色厢式货车停靠在警示灯前方，车辆开启双闪灯，驾驶员下车在车旁活动。该车长时间静止于非停车区域，导致后方多辆汽车被迫减速绕行，形成局部拥堵。由于夜间光线较暗且路面湿滑，该行为增加了追尾和变道风险，存在较大安全隐患。
422,5275,占道施工_20240519001945_运行安全_35605576.mp4,占道施工,拥堵,2024年05月19日星期一凌晨00:14:39至00:15:38，在一条夜间高速公路上发生了一起占道施工交通事件。视频显示，该路段右侧车道被多个红白相间的交通锥桶封闭，形成明显的施工隔离带，车道数量因此减少，导致车辆需变道行驶。涉事车辆包括多辆小型轿车和一辆工程车辆，工程车辆在施工区域内缓慢行驶，工作人员穿着反光背心进行操作。由于施工区域设有警示标志和锥桶，但未见明显的施工警示灯或闪烁警示灯，对过往车辆的正常通行造成一定影响。整体来看，此次占道施工导致车辆行驶速度减缓，存在一定的交通安全隐患，但未引发严重拥堵或事故。
425,5278,二轮车辆闯入_20230718183706_突发事件_1965703.mp4,二轮车辆闯入,异常停车,2024年3月10日10时05分至10时06分，位于城市高架桥路段的右侧车道上，一辆红色货车停靠在道路右侧导流线内，车辆未开启双闪灯，驾驶员下车后在车旁停留，疑似进行故障排除。该车停放在非停车区域，影响了正常通行秩序，符合异常停车特征。
429,5282,拥堵_20231027080543_突发事件_35006222.mp4,拥堵,抛洒物,2023年10月27日08:05至08:06期间，外环高速六灶路路段出现严重交通拥堵，多辆轿车、货车及大型运输车辆在行车道上缓慢移动或完全停止，车流密集且持续时间较长，车辆排成长队，部分车辆处于停滞状态，影响通行效率，异常特征表现为典型拥堵现象，未见明显事故、施工或抛洒物等其他异常情况。
430,5283,占道施工_20240518234813_运行安全_35605572.mp4,占道施工,拥堵,2024年05月18日星期五23:48:09至23:48:27，在某高速公路路段，发生了占道施工交通事件。视频显示，右侧车道被多个红白相间的交通锥桶封闭，施工设施明显占据部分车道，导致车辆需变道或减速行驶。涉事车辆包括多辆货车和轿车，它们在施工区域附近有序绕行，未见异常停车或事故情况。此次占道施工影响了道路通行效率，车辆被迫改变行驶路线，但整体交通秩序较为稳定，未出现严重拥堵现象。异常特征包括明显的施工警示标志和闪烁的警示灯，确保过往车辆能够及时注意到施工区域并采取相应措施。
437,5290,二轮车辆闯入_20230719090700_突发事件_1965767.mp4,二轮车辆闯入,拥堵,2023年7月19日09时08分，S20LSTV01监控点位显示，某城市高架道路双向车道出现严重交通拥堵，车辆行驶缓慢，车流密集且持续无缓解趋势。画面中可见多辆小轿车、货车及厢式运输车在多个车道内排成长队，包括蓝色集装箱货车、红色平板货车、白色厢式货车、黑色轿车及白色面包车等，其中部分车辆在变道过程中出现轻微急刹行为。右侧车道虽有少量车辆通行，但整体车流仍处于低速状态，未见明显事故或障碍物导致的突发阻塞。该路段为城市快速路，两侧绿化带清晰，无施工设施或抛洒物，亦无异常停车或二轮车辆闯入情况，整体表现为典型早高峰时段的交通拥堵现象，影响范围覆盖多个车道，持续时间较长，符合拥堵判断标准。
438,5291,异常停车_20240526031445_突发事件_35637200.mp4,异常停车,多车事故,多车事故
441,5294,拥堵_20240305063540_突发事件_35388398.mp4,拥堵,多车事故,2024年3月5日星期二早上6点35分至6点36分，在某城市高架道路南向车道上发生了一起多车事故。涉事车辆包括一辆白色轿车和一辆灰色SUV，它们在行驶过程中发生碰撞，导致车辆位置异常，两辆车辆斜停于车道内。事故现场有人员下车交涉，其他车辆被迫紧急避让或停滞，造成了交通拥堵。事故区域的交通流量较大，其他车辆被迫减速或绕行，整体通行效率明显下降。此异常事件主要由突发性多车事故引发，影响了该路段的正常通行秩序。
445,5298,二轮车辆闯入_20230718184632_突发事件_1965701.mp4,二轮车辆闯入,异常停车,2023年7月18日18时17分38秒，在外环高速铁力路西枪机2监控区域，一辆红色货车停靠在最右侧车道边缘，车辆开启双闪灯，驾驶员下车在车旁活动，该行为持续约30秒，导致后方车辆被迫减速避让，影响了正常行车秩序，符合异常停车特征。
447,5300,二轮车辆闯入_20230722161335_突发事件_33394734.mp4,二轮车辆闯入,异常停车,2023年7月22日16时13分35秒至16时13分48秒，外环高速仙霞路（内）路段出现异常停车事件。一辆白色轿车在右侧应急车道内完全静止，未开启双闪灯，符合异常停车行为。
452,5305,占道施工_20231010041250_运行安全_34913792.mp4,占道施工,异常停车,2023年10月10日星期二凌晨4时12分至4时13分，在城市高架道路夜间行驶过程中，一辆工程作业车停靠在道路右侧车道上，车辆开启双闪警示灯，车身带有明显的施工标志和灯光提示。该车位于行车道与护栏之间，占据部分车道空间，导致后方车辆需减速绕行，影响了正常交通流。现场未见施工人员或设备，但车辆处于静止状态，不符合临时停车规范，存在安全隐患。该行为属于非正常占道施工，对通行车辆造成一定干扰，属于典型异常停车事件。
456,5309,二轮车辆闯入_20230718172107_突发事件_1962220.mp4,二轮车辆闯入,拥堵,2023年7月16日13时17分至13时18分，外环高速老沪闵路东（内）路段出现严重交通拥堵，该路段为城市高架道路，双向多车道，右侧车道车辆行驶缓慢，车流密集，车辆间距明显缩小，部分车辆处于低速移动或短暂停滞状态，持续时间约1分钟且无缓解趋势。涉事车辆包括各类轿车、货车、客车及大型运输车辆，其中红色货车、白色厢式货车和黄色工程车较为突出，均在正常车道内行驶，未见异常停车、事故碰撞或施工迹象。左侧对向车道车流相对顺畅，但受右侧拥堵影响，整体通行效率下降，存在潜在追尾风险。拥堵主要集中在高架桥中部及右侧车道，可能与前方出口分流或匝道汇流有关，但未发现明显障碍物或违规行为。现场无人员下车交涉或交警到场处理，也未发现抛洒物或二轮车辆闯入情况，主要异常特征为长时间、大面积的车辆缓行与排队现象，符合典型高峰时段交通拥堵特征。
463,5316,异常停车_20240613131516_突发事件_35701275.mp4,异常停车,拥堵,2023年12月17日13时01分至13时02分，位于S4市区方向至S20内环的路段出现交通拥堵事件。该路段为多车道高架道路，两侧设有隔音屏障和绿化带，上方设有电子监控装置。视频显示，从13:01:59开始，车辆行驶速度明显减缓，车流密度逐渐增加，多辆轿车、货车及厢式运输车在车道内缓慢移动或停滞，部分车辆间距离缩短，存在频繁变道行为。涉事车辆包括蓝色、红色、白色、黑色等多种颜色，其中红色集装箱货车、白色厢式货车、黑色轿车等在画面中较为突出。由于车流密集且持续时间较长，导致后方车辆排队长度超过正常范围，且无明显缓解趋势，符合拥堵判断标准中的“多辆车缓慢移动或完全停止”、“排队车辆长度超过正常范围”、“持续一段时间且无缓解趋势”等特征。此拥堵发生在城市快速路瓶颈区域，可能由前方施工、临时管制或流量饱和引发，对通行效率造成显著影响。
467,5320,占道施工_20240325003353_运行安全_35437138.mp4,占道施工,拥堵,2024年3月25日00:33至00:34期间，外环高速沪太立交东1-1 03路段夜间出现占道施工交通事件。现场可见一辆黄色工程车缓慢行驶在左侧车道，车顶警示灯闪烁，车身前方摆放多个橙白相间的交通锥桶，形成临时隔离带，占用部分行车道。该施工区域位于高速公路主路左侧车道，导致车辆需绕行或减速通过，影响了正常通行秩序。未见明显施工人员活动，但施工设施已布置完毕，符合占道施工特征。整体交通流保持有序，未出现拥堵或事故情况，但存在因施工引发的车道变窄和车辆变道行为。
473,5326,拥堵_20230815075607_突发事件_34581740.mp4,拥堵,占道施工,2023年7月17日07:55:13至07:56:09期间，在G60市区方向至S20内环高架桥路段，多辆机动车在正常行驶过程中，发现右侧车道存在占道施工情况。涉事车辆包括一辆蓝色工程车和一辆蓝色货车，它们在施工区域附近停靠，疑似正在进行道路维护或抢修作业。施工区域设有警示牌和闪烁警示灯，但未见明显施工人员活动。由于施工占用部分车道，导致该路段车流出现缓慢通行现象，车辆需变道行驶，影响了交通流畅性。异常特征表现为车道被施工设施遮挡，车辆被迫减速并变换车道，符合占道施工的判断标准。
478,5331,拥堵_20231102092239_突发事件_35035508.mp4,拥堵,二轮车辆闯入,2023年11月2日星期四上午9时22分至9时23分，外环高速铁山路路段出现交通拥堵事件。该路段为多车道高架道路，车流密集，车辆以缓慢速度行驶，部分车辆处于停滞状态，形成持续性排队现象。涉事车辆包括多辆轿车、货车及一辆黄色工程车，其中黄色工程车在车流中缓慢前行，未见明显故障迹象。车辆间距明显缩小，后方车辆被迫减速或变道绕行，整体通行效率显著下降。拥堵区域位于高架桥下弯道处，道路两侧绿化带清晰可见，未见施工设施或障碍物，也无异常停车或事故迹象。该拥堵可能由前方交通流量大或突发状况引发，但未观察到直接原因，如事故或占道施工。现场未发现抛洒物、异常停车或二轮车辆闯入等情况，交通秩序整体保持稳定，但通行速度明显低于正常水平，存在潜在安全隐患。
481,5334,二轮车辆闯入_20230718185422_突发事件_1962524.mp4,二轮车辆闯入,异常停车,2023年7月18日18时54分22秒，在S20内至沪闵高架路段，一辆红色轿车在道路右侧车道内完全静止，驾驶员下车后站在车旁，未开启双闪灯，且无明显故障迹象或警示标志，该行为属于非紧急情况下的异常停车，影响了正常交通秩序。
483,5336,拥堵_20230905113949_突发事件_34715007.mp4,拥堵,多车事故,多车事故
487,5340,异常停车_20230720134044_突发事件_33389965.mp4,异常停车,二轮车辆闯入,2023年7月20日14时40分45秒至14时41分43秒，外环高速沪渝立交段在雨雾天气下，一辆二轮车（疑似电动车或摩托车）从右侧车道驶入主路，行驶于机动车道内，未在专用非机动车道或辅路行驶，且无明显禁止标志区域，车辆在车流中穿行，存在逆行、横穿车道等危险行为，驾驶员未佩戴头盔，车辆亦无牌照，其闯入行为导致后方车辆紧急避让，造成短时交通干扰，属于典型的二轮车辆闯入交通异常事件。
489,5342,异常停车_20230719212756_突发事件_6964569.mp4,异常停车,二轮车辆闯入,2023年7月19日21时28分04秒，在外环高速丰翔路南段，一辆二轮车驶入主路，进入高速公路行车道内行驶，该车辆在夜间高速环境下与多辆正常行驶的汽车发生近距离交错，驾驶员佩戴头盔，车辆无明显牌照标识，其行为属于闯入禁止通行区域的危险驾驶行为，对后方正常行驶的车辆构成潜在安全隐患，导致部分车辆紧急避让，存在引发交通事故的风险，现场未见施工设施或事故痕迹，但该二轮车在高速道路中的闯入行为已构成交通异常事件。
490,5343,拥堵_20230815081533_突发事件_34581860.mp4,拥堵,多车事故,多车事故
492,5345,二轮车辆闯入_20230721130012_突发事件_33393638.mp4,二轮车辆闯入,抛洒物,2023年7月21日13时00分13秒至13时00分35秒，外环高速顾戴路北（内）路段出现抛洒物交通事件。视频显示，该路段为多车道高速公路，两侧有绿化带和护栏，道路上有不明物体，部分车辆在行驶过程中，有车辆因抛洒物影响而采取紧急避让或减速措施，存在安全隐患。涉事车辆包括多辆货车、轿车及一辆黄色工程车，其中工程车在13:00:35左右经过抛洒区域，未见明显停留，但其通过可能与抛洒物有关。其他车辆在接近该区域时，均表现出避让行为。抛洒物位于道路中央偏左位置，尺寸较大，足以影响行车安全，且未见有人员下车处理或警示标志设置，存在潜在追尾风险。异常特征表现为：车辆行驶速度渐降，存在连续避让行为，且无明显施工或事故迹象，初步判断为货物固定不牢或车辆本身有缺陷导致，属于典型抛洒物事件。
498,5351,占道施工_20240418233449_运行安全_35498633.mp4,占道施工,拥堵,2024年4月18日23时34分至23时35分，在G60市区方向至S4金山方向的高架道路上，发生了一起占道施工交通事件。现场可见多辆车辆在夜间行驶，道路右侧车道被多个锥桶遮挡，导致车道数量减少，车辆需变道或减速行驶。涉事车辆包括一辆工程车和其他施工车辆，它们停在施工区域内，闪烁着警示灯。施工区域设有明显的警示标志，提醒过往车辆注意避让。此次占道施工导致车道数量减少，影响了正常交通流，车辆被迫减速或变更车道，但未造成严重拥堵。异常特征包括施工车辆和锥桶在夜间的高架道路上密集排列，对夜间行车安全构成一定风险。
499,5352,异常停车_20240624182757_突发事件_35722498.mp4,异常停车,拥堵,2024年6月24日18:27至18:28，在某高速公路路段，发生了一起多车事故。涉事车辆包括一辆白色轿车和一辆灰色SUV，它们在行驶过程中发生了碰撞，导致车辆位置异常，两辆车辆停在车道中央。事故现场有人员下车交涉，且有交警到场处理，其他车辆被迫紧急避让或停滞，交通秩序受到严重影响，后续车辆出现缓慢移动甚至完全停止的情况，形成了明显的交通拥堵。此次事故的异常特征在于多辆车同时受困，且事故区域内的车辆行为明显异常，如车辆频繁变道或减速，进一步加剧了交通压力。
501,5354,占道施工_20231009001029_运行安全_34908653.mp4,占道施工,拥堵,2023年10月9日00:10:26至00:11:23期间，嘉闵西侧德华路夜间高架道路出现占道施工交通事件。现场可见一名身穿黄色反光工作服的施工人员在道路右侧车道内行走，并沿道路边缘缓慢移动，期间有多个橙色交通锥桶沿车道一侧排列，形成临时隔离带，占用部分行车道。施工人员未进入主车道，但明显影响车辆正常通行。该施工区域设有警示标志，且车辆在经过该区域时需减速并变道绕行，导致部分车辆出现轻微减速和变道行为。整体交通流保持有序，未出现拥堵或事故，但存在因施工导致的车道减少和车辆避让风险。
503,5356,占道施工_20240618234009_运行安全_35712338.mp4,占道施工,拥堵,2024年6月18日23时40分至23时41分，在外环高速吴中入口匝道（外）路段，发生了一起占道施工交通事件。现场可见车道被锥桶和施工设施遮挡，施工人员穿着反光背心在进行作业，导致该区域的车道数量减少，车辆需变道或减速行驶。施工区域设有警示牌和闪烁警示灯，以提醒过往车辆注意避让。此次施工对交通流产生了一定影响，但未造成严重拥堵。异常特征包括施工设施占据部分车道、施工人员现场操作以及明显的警示标志。
505,5358,占道施工_20231012001702_运行安全_34924664.mp4,占道施工,拥堵,2023年10月12日00时17分至00时17分，外环高速武威路南（内）路段夜间监控画面显示，该路段车流密集，多辆货车与轿车在行车道上缓慢行驶或处于停滞状态，尤其在画面右侧车道形成明显排队现象，车辆间距极小，刹车灯持续亮起，表明通行速度极低。现场未见施工设施、警示标志或事故车辆，也无二轮车辆闯入情况，但因车流量大且夜间照明条件良好，导致整体交通流受阻，形成典型的拥堵特征。
506,5359,拥堵_20240316140432_突发事件_35416261.mp4,拥堵,多车事故,多车事故
507,5360,异常停车_20240524124249_突发事件_35631582.mp4,异常停车,多车事故,多车事故
509,5362,拥堵_20231105092245_突发事件_35049299.mp4,拥堵,多车事故,2023年11月5日星期日上午9时22分至9时23分，位于城市高架道路的市区方向入口附近路段发生一起多车事故。事故发生在高架桥上由南向北行驶的车道中，涉事车辆包括一辆白色面包车、一辆黑色轿车及后方多辆跟随车辆。视频显示，该车在行驶过程中出现异常停车，车辆完全静止且未开启双闪灯，导致后方车辆被迫紧急刹车并排成队列，引发短暂拥堵。现场无人员下车交涉或交警到场，但后方车辆持续减速并存在轻微绕行行为，影响了该路段的正常通行秩序。该事件符合多车事故的判定标准，表现为车辆碰撞痕迹、车辆位置异常及交通流受阻。
513,5366,异常停车_20230718070839_突发事件_1959122.mp4,异常停车,拥堵,2023年7月18日星期一早上7点08分至7点09分，位于城市快速路某路段（道路两侧有绿化带，道路标线清晰）出现持续性交通拥堵。该路段为多车道高速公路，双向通行，右侧车道车辆排成长队，车流缓慢移动，部分车辆处于停滞状态，持续时间约一分钟且无缓解趋势。涉事车辆包括各类轿车、货车、厢式货车及一辆蓝色大型平板运输车，其中蓝色平板运输车在车流中缓慢前行，后方车辆密集跟随，形成明显的拥堵态势。左侧车道车流相对顺畅，但受右侧拥堵影响，部分车辆在变道过程中出现轻微减速。现场未见明显事故、施工或抛洒物迹象，也无异常停车或二轮车辆闯入情况。整体表现为典型早高峰时段因车流量过大导致的交通拥堵，影响范围覆盖多个车道，持续时间较长，符合拥堵判断标准。
518,5371,异常停车_20240617141809_突发事件_35710128.mp4,异常停车,拥堵,2024年6月17日14:18:05至14:19:03，在外环高速丰翔路南枪机2处，一辆白色厢式货车在行车道上异常停车，车辆完全静止且未开启双闪灯，导致后方多辆车辆被迫减速避让，影响了道路的正常通行，存在明显的交通安全隐患。该行为违反了非停车区域禁止停车的规定，且未采取任何安全警示措施，进一步加剧了交通拥堵的风险。
520,5373,异常停车_20240509200653_突发事件_35575652.mp4,异常停车,拥堵,2024年5月9日20时06分50秒至20时07分48秒，外环高速仙霞路（内）路段发生一起异常停车事件。一辆白色轿车在道路右侧应急车道内长时间静止不动，且无明显故障迹象或驾驶员下车行为，车辆持续停驻超过10秒，影响后方车辆正常通行，导致后方多辆小型客车和货车被迫减速绕行，形成局部拥堵。该车停靠位置位于道路右侧护栏旁，周围无施工设施或警示标志，不符合临时停车规范，存在安全隐患。
527,5380,异常停车_20240616161312_突发事件_35708172.mp4,异常停车,多车事故,2024年6月16日16时13分至16时14分，外环高速虹梅南路路段发生一起多车事故。事故发生在道路左侧车道，涉事车辆包括一辆白色轿车和一辆黑色轿车，视频中二车已经追上并并行于后方多辆小型轿车和货车之间。事故导致该车道交通流受阻，后方车辆被迫减速或变道绕行，形成短时拥堵。现场未见明显碰撞痕迹或人员下车交涉，但车辆位置异常且存在持续追尾现象，表明发生间歇性的追尾事故。事故影响范围较小，未造成严重追尾或引发更远的追车行为，但对通行效率产生一定影响。异常特征表现为车辆无序变道与紧急避让，符合多车事故的典型特征。
535,5388,异常停车_20240511180600_突发事件_35582216.mp4,异常停车,多车事故,2024年5月11日18时05分至18时06分，外环高速龙吴路路段在雨雾天气条件下发生一起多车事故。事故发生在道路右侧车道，涉事车辆包括一辆白色轿车、一辆白色外卖箱车，其中白色轿车与前方车辆发生追尾，白色外卖箱车因避让事故车辆而紧急刹车，导致后方车辆减速绕行，形成短暂拥堵。事故现场有多名人员下车交涉，其中白色轿车车主打开车门查看情况，另一名人员在车旁停留，显示事故已造成交通流影响。异常特征表现为车辆位置异常（碰撞痕迹、不同心桥状），且无明显施工或抛洒物等其他干扰因素，符合多车事故判断标准。
536,5389,抛洒物_20240317093021_运行安全_35417598.mp4,抛洒物,拥堵,2024年6月7日17时30分至17时31分，外环高速曹安路北段出现交通拥堵事件。该路段为多车道高架道路，车流密集，主要由轿车、货车及厢式运输车组成，车辆在多个车道内缓慢行驶或停滞，部分车辆在车道间频繁变道，导致通行效率下降。涉事车辆包括红色集装箱货车、白色厢式货车、黄色工程车、蓝色集装箱车以及多辆私家车，均处于低速行驶状态，未见明显事故或异常停车情况。道路两侧无施工设施或障碍物，亦无二轮车辆闯入现象，亦无人员下车或交警介入。拥堵主要集中在画面中段及右侧车道，车辆排队长度持续增加，影响范围覆盖多个车道，且持续时间较长，符合典型拥堵特征。整体交通流呈现缓慢移动状态，未出现突发性事故或突发事件，但已造成通行能力下降，存在潜在安全隐患。
538,5391,占道施工_20240412152112_运行安全_35519156.mp4,占道施工,拥堵,2024年04月12日15:21:08至15:21:25，在外环高速淞滨路西枪机2处，视频显示该路段正在进行占道施工。施工区域由锥桶和围栏进行隔离，部分车道被遮挡，导致车辆需变道或减速行驶。虽然未见明显施工人员操作设备，但施工设施的存在使得车道数量减少，影响了正常交通流。此外，施工区域设有警示牌和闪烁警示灯，提醒过往车辆注意避让。整体来看，此次占道施工对道路交通造成了一定影响，但未引发严重拥堵或事故。异常特征包括施工设施的布置、车辆的变道行为以及施工区域的警示标志。
539,5392,异常停车_20240616224220_突发事件_35708495.mp4,异常停车,拥堵,2024年6月16日22时42分至22时43分，外环高速曹安路北段发生交通拥堵事件。该路段位于曹安路立交桥附近，监控画面显示该路段车流量较大，车辆行驶缓慢，多辆轿车、货车及一辆大型平板运输车在车道内持续低速行驶或短暂停滞，部分车辆刹车灯长时间亮起，形成明显车流排队现象。涉事车辆包括多辆小型轿车、厢式货车及大型平板运输车，其中一辆红色平板运输车在车流中缓慢前行，后方车辆频繁变道避让，导致通行效率下降。现场未见异常停车、施工设施、事故车辆碰撞痕迹或抛洒物，也无二轮车辆闯入迹象，但因车流量大且车辆间距缩小，造成通行受阻，形成持续性拥堵。该拥堵影响范围较长，车辆排队长度超过百米，且无缓解趋势，符合典型拥堵特征。
541,5394,占道施工_20230715000645_运行安全_1147283.mp4,占道施工,拥堵,2023年7月15日00:06:40至00:07:38期间，外环高速北翟路立交北侧路段夜间出现占道施工交通事件。现场可见道路右侧车道被多个橙色交通锥桶封闭，形成临时隔离带，占用部分行车道，导致车辆需绕行或减速通过。施工区域未见明显施工人员或工程车辆作业，但存在明显的车道缩减和引导措施，符合占道施工特征。多辆轿车、货车及厢式车辆在该区域有序通行，车流速度较平时有所减缓，但未出现拥堵或事故。整体影响为局部车道通行能力下降，车辆需调整行驶路线，存在潜在安全隐患。
542,5395,二轮车辆闯入_20230721180300_突发事件_33393898.mp4,二轮车辆闯入,拥堵,2023年7月21日18时02分至18时03分，S20外环线至S4金山方向高架路段出现交通拥堵事件。该路段为双向多车道高架道路，两侧有绿化带和立交桥结构，车流密集，车辆以缓慢速度行驶，部分车辆刹车灯持续亮起，表明车速明显降低。涉事车辆包括多辆轿车、SUV、公交车及一辆大型客车，均在正常车道内行驶，未见异常停车、事故或施工迹象。车辆整体呈连续排队状态，车距较近，后方车辆被迫减速并保持安全距离，未出现明显的绕行或紧急避让行为。拥堵主要集中在画面中段，持续时间约一分钟，且无明显缓解趋势，符合拥堵判断标准中的“多辆车缓慢移动或完全停止”、“排队车辆长度超过正常范围”、“持续一段时间且无缓解趋势”等特征。由于天气阴沉、能见度较低，可能加剧了交通压力，增加了事故风险。
543,5396,多车事故_20240405161100_突发事件_35468341.mp4,多车事故,异常停车,2024年4月5日16时19分23秒，在武宁路地道南线西向东方向，一辆白色SUV在行车道内异常停车，车辆后方有人员下车并站在车旁，后方多辆车辆被迫减速避让，部分车辆变道绕行，造成短时交通流受阻。该车辆未开启双闪灯，且驾驶员不在车内，符合异常停车行为，对道路通行安全构成潜在威胁。
545,5398,异常停车_20240607085329_突发事件_35682940.mp4,异常停车,拥堵,2024年06月07日星期五08:53:25至08:53:42，在外环高速蕴川立交东3枪机1处，视频显示该路段正在进行占道施工。施工区域由多个橙色交通锥桶和警示牌进行隔离，车道数量因此减少，导致车辆需变道或减速行驶。现场可见施工车辆和施工人员，施工区域设有明显的警示标志，提醒过往车辆注意避让。受此影响，部分车辆被迫改变行驶路线，整体交通流速有所减缓，但未出现严重拥堵现象。异常特征包括施工设施遮挡部分车道、施工人员在场操作设备以及设置的临时交通引导措施。
547,5400,异常停车_20240614152918_突发事件_35704870.mp4,异常停车,多车事故,多车事故
548,5401,异常停车_20240616183802_突发事件_35708477.mp4,异常停车,多车事故,多车事故
549,5402,占道施工_20240416230948_运行安全_35495644.mp4,占道施工,拥堵,2024年4月16日23时09分至23时10分，在外环高速老沪闵路东（内）路段，发生了一起占道施工交通事件。现场可见多辆工程车辆和施工人员在右侧车道进行作业，施工区域被锥桶和围栏遮挡，导致该车道无法通行，车辆被迫变道或减速行驶。施工人员穿着反光背心，操作设备，施工区域设有警示牌和闪烁警示灯，以提醒过往车辆注意避让。此次施工导致右侧车道被占用，影响了正常交通流，但未造成严重拥堵。异常特征包括施工设施占据部分车道、施工人员现场作业以及车辆被迫绕行或减速。
553,5406,拥堵_20240112120711_突发事件_35313983.mp4,拥堵,抛洒物,2024年1月12日12时07分至12时08分，外环高速丰翔路南段出现严重交通拥堵事件。该路段为多车道高架道路，车流密集，主要由货车、客车及各类厢式运输车辆组成，包括油罐车、集装箱货车、厢式货车、大巴车及小型轿车等。视频显示，车辆在多个车道内缓慢行驶或完全停滞，车距极短，部分车辆频繁变道，通行效率显著下降。拥堵区域持续约一分钟，未见明显事故或施工迹象，但车流密度极高，导致通行能力严重受限。整体表现为典型的城市快速路高峰时段拥堵现象，无异常停车、占道施工、二轮闯入或抛洒物等其他异常情况，主要影响为通行延误和车速降低，对区域交通运行造成显著影响。
556,5409,占道施工_20240302004443_运行安全_35383233.mp4,占道施工,拥堵,2024年3月2日00:44至00:45期间，在嘉闵东侧定焦08监控点位，发生占道施工交通事件。现场可见一辆工程车辆缓慢行驶在右侧车道，车顶闪烁着警示灯，周围摆放了多排橙白相间的交通锥桶，形成临时隔离带，占用部分行车道。该施工区域导致右侧车道通行空间受限，过往车辆需减速并变道绕行，影响了正常交通流。施工人员身穿反光背心，在车辆后方进行作业，确保施工安全。整个过程中，车辆行驶速度明显降低，存在一定的交通干扰，但未造成严重拥堵或事故。异常特征包括：车道被锥桶遮挡、工程车辆及人员在场、警示灯闪烁、车辆需变道或减速等。
563,5416,拥堵_20231218092613_突发事件_35238760.mp4,拥堵,多车事故,多车事故
564,5417,占道施工_20240525231344_运行安全_35637175.mp4,占道施工,拥堵,2024年05月25日23:13至23:14期间，在外环北侧K208+490处，发生了一起占道施工交通事件。现场可见一辆工程车辆缓慢行驶在右侧车道上，车辆后方摆放了多个红白相间的交通锥桶，用于隔离施工区域。施工人员穿着反光背心，正在进行相关操作。由于施工占用了一部分车道，导致该路段的车道数量减少，过往车辆需减速并变道行驶，对交通流产生了一定影响。此外，施工区域设有警示牌和闪烁警示灯，提醒驾驶员注意避让。整个过程中，车辆有序通过，未出现严重拥堵现象。异常特征包括车道被施工设施遮挡、施工人员现场作业以及车辆需变道或减速等。
567,5420,占道施工_20230716001130_运行安全_1151789.mp4,占道施工,拥堵,2023年7月16日星期日凌晨1点11分至1点12分，外环高速沪渝立交-1相机2监控画面显示，夜间高速公路某路段正在进行占道施工。施工区域位于道路右侧车道，现场设置有多个红白相间的交通锥桶，形成临时隔离带，占用部分行车道。施工区域内可见一辆黄色工程车缓慢行驶，车顶闪烁警示灯，周围有工作人员穿着反光背心进行作业。施工导致该车道通行能力下降，车辆需减速绕行，后方车辆排队缓行，交通流明显受阻。整体车流速度较慢，未出现拥堵或事故，但存在因施工引发的通行效率下降和潜在安全隐患。
569,5422,异常停车_20240510232403_突发事件_35579518.mp4,异常停车,多车事故,2024年5月10日23时24分，在外环高速莘庄立交东（外）路段，发生一起多车事故。事故位于道路中间车道，涉及至少两辆轿车和一辆白色SUV，其中一辆轿车与前方车辆发生追尾，导致车辆位置异常，明显处于混沌状态。事故发生后，后方车辆紧急避让或减速，造成该路段交通流短暂拥堵。现场未见明显人员下车交涉或交警到场处理，但事故车辆持续存在异常位置，且有较多车辆绕行或减速避让，符合多车事故的典型特征。
574,5427,异常停车_20240510092252_突发事件_35577416.mp4,异常停车,多车事故,多车事故
575,5428,二轮车辆闯入_20230715120358_突发事件_1149570.mp4,二轮车辆闯入,拥堵,2023年7月15日12时03分至12时04分，位于城市高架道路的某路段（监控画面显示为G60市区方向至S20内环方向）发生拥堵事件。该路段为多车道高速公路，双向车流密集，右侧车道车辆行驶缓慢，部分车辆处于低速蠕动状态，持续时间约1分钟且无缓解趋势。涉事车辆包括多辆轿车、货车及厢式货车，其中红色、白色和黄色货车较为显著，均在正常车道内行驶，未见异常停车或事故迹象。左侧对向车道车流相对顺畅，未受影响。拥堵主要集中在右侧车道，影响范围覆盖多个车道，导致后方车辆排队缓行，形成典型交通拥堵现象。现场无施工设施、抛洒物或交通事故痕迹，也未见二轮车辆闯入或异常停车行为，推测为高峰时段车流量过大所致。整体表现为典型的城市快速路高峰拥堵，具备典型特征：多辆车缓慢移动、排队长度较长、持续时间较长且无缓解趋势。
577,5430,多车事故_20240621082921_突发事件_35716626.mp4,多车事故,拥堵,2024年6月21日星期五早上8点28分至8点29分，在一条多车道的高架桥上发生了一起多车事故。涉事车辆包括一辆白色轿车和一辆灰色SUV。在视频中可以看到，白色轿车和灰色SUV发生了碰撞。事故导致车辆位置异常，部分车辆横跨车道或斜停在路中央，严重影响了交通秩序。现场有人员下车查看情况，交警也迅速赶到现场进行处理。其他车辆被迫紧急避让或停滞不前，造成了严重的交通拥堵。整个事件中，车辆的碰撞痕迹明显，且持续时间较长，对道路交通产生了显著影响。
579,5432,异常停车_20240625133927_突发事件_35724287.mp4,异常停车,多车事故,多车事故
582,5435,异常停车_20240525010240_突发事件_35633385.mp4,异常停车,拥堵,2024年05月25日星期六01:02:38至01:03:35，在某高速公路路段，发生了一起多车事故。涉事车辆包括一辆白色轿车和一辆白色SUV，白色轿车在右侧车道上发生了碰撞，导致车辆位置异常，斜停在车道上。事故现场有人员下车查看情况，其他车辆因前方事故而紧急避让或停滞，造成了交通拥堵。异常特征表现为白色轿车和后方车辆明显的碰撞痕迹，以及车辆刹车灯亮起，显示出驾驶员正在减速或停车处理事故。
585,5438,拥堵_20231211122006_突发事件_35211296.mp4,拥堵,二轮车辆闯入,2023年12月11日星期一12时20分，外环高速吴中路-1枪机1监控画面显示，该路段出现异常停车事件。一辆红色货车在右侧车道内完全静止，未开启双闪灯，且无交通信号灯或标志允许其停车，车辆明显处于非正常行驶状态。该车停靠位置位于行车道内，影响了正常交通流，后方车辆被迫减速绕行，存在安全隐患。现场无施工设施、无人员下车、无明显事故迹象，也未见抛洒物或二轮车辆闯入情况，初步判断为车辆临时故障或违规停车所致。
586,5439,占道施工_20240529020445_运行安全_35647730.mp4,占道施工,拥堵,2024年5月29日02时04分至02时05分，外环高速天山路路段夜间发生占道施工交通事件。现场可见一辆黄色工程车缓慢行驶在右侧车道，车顶警示灯闪烁，车身周围设置了一排红白相间的交通锥桶，形成临时隔离带，占用部分行车道。一名身穿反光背心的工作人员在工程车旁进行作业，车辆通行受阻。该施工区域未见明显施工机械或围挡，但存在明显的施工警示标志和人员值守，导致右侧车道车辆需减速绕行，影响了正常通行秩序。整体交通流保持有序，未出现拥堵或事故，但存在因施工引发的局部通行效率下降风险。
587,5440,拥堵_20231128134429_突发事件_35165616.mp4,拥堵,多车事故,多车事故
588,5441,占道施工_20240508001513_运行安全_35567754.mp4,占道施工,拥堵,2024年5月8日00:16至00:17期间，在S26沪常高速主线金光路东侧（K13+730）路段，发生了占道施工交通事件。现场可见多辆工程车辆和施工人员在道路右侧进行作业，施工区域被锥桶和围栏遮挡，导致车道数量减少，车辆需变道或减速通行。施工人员穿着反光背心，操作设备，施工区域设有警示牌和闪烁警示灯，以提醒过往车辆注意避让。此事件影响了该路段的正常交通秩序，车辆被迫减速或变更车道，但未造成严重拥堵。异常特征包括施工设施占据部分车道、施工人员现场作业以及明显的警示标志。
590,5443,异常停车_20240621133939_突发事件_35717069.mp4,异常停车,多车事故,多车事故
594,5447,异常停车_20240601091620_突发事件_35661179.mp4,异常停车,多车事故,多车事故
599,5452,拥堵_20230912164234_突发事件_34775878.mp4,拥堵,二轮车辆闯入,2023年9月12日16时42分至16时43分，嘉闵高架东侧汇聚机箱路段出现交通拥堵事件。该路段为多车道高架道路，车流密集，车辆以缓慢速度行驶，部分车辆刹车灯持续亮起，表明车速明显降低。涉事车辆包括各类轿车、SUV、面包车及少量货车，均在正常车道内行驶，未见异常停车或事故迹象。车辆排队长度持续延伸，影响通行效率，且无明显施工或障碍物导致阻塞。整体表现为典型早高峰时段因车流量过大导致的拥堵现象，未发现占道施工、抛洒物或二轮车辆闯入等其他异常情况。
600,5453,二轮车辆闯入_20230718131337_突发事件_1960871.mp4,二轮车辆闯入,拥堵,2023年7月18日13时13分至13时14分，外环高速仙霞路（内）路段出现拥堵交通事件。该路段为多车道高速公路，双向车流密集，车辆包括轿车、货车、客车及大型运输车辆等。从视频画面可见，右侧车道车辆行驶缓慢，部分车辆处于低速移动或短暂停滞状态，形成连续排队现象，排队长度持续延伸，且无明显缓解趋势。左侧车道虽有车辆正常通行，但整体车流密度较高，存在轻微拥堵迹象。拥堵区域位于高架桥下，道路两侧绿树成荫，未见施工设施或障碍物，也无异常停车或事故迹象。由于车流量大且通行效率降低，导致后方车辆被迫减速并排成队列，符合拥堵判断标准中的多辆车缓慢移动、排队长度超常、持续无缓解等特征。
601,5454,异常停车_20240509123203_突发事件_35573824.mp4,异常停车,拥堵,2024年5月9日12时32分，外环高速吴淞江桥南路段出现交通拥堵事件，现场多辆机动车在道路上缓慢行驶或处于停滞状态，车辆排成长队，持续时间超过10秒且无缓解趋势，主要集中在左侧车道，部分车辆在尝试变道或减速，导致通行效率下降。涉事车辆包括多辆轿车、货车及集装箱运输车，其中一辆红色集装箱货车和一辆白色厢式货车在画面中较为显眼，均处于低速行驶状态。右侧车道车流相对顺畅，但受左侧拥堵影响，整体通行能力下降。异常特征表现为车辆间距缩小，车速明显降低，部分车辆频繁变道，存在轻微逆行行为，但未见明显碰撞或事故痕迹，但交通流已明显受阻，符合拥堵判断标准。
609,5462,二轮车辆闯入_20230721183411_突发事件_33393915.mp4,二轮车辆闯入,拥堵,2023年7月21日18时34分，外环高速仙霞路（内）路段出现严重交通拥堵，现场多车道车辆行驶缓慢，车流密集且持续无缓解趋势，大量轿车、货车及客车在湿滑路面上缓慢移动或短暂停滞，部分车辆因避让积水区域而减速变道，右侧车道车辆尾灯亮起，显示刹车频繁，整体通行效率显著下降，拥堵区域长度较长，影响范围覆盖多个车道，且无明显施工或事故迹象，但路面湿滑状态可能加剧了车辆行驶风险。
610,5463,异常停车_20230727134354_突发事件_33408196.mp4,异常停车,拥堵,2023年7月27日13时44分，外环高速吴中入口匝道（内）路段出现交通拥堵事件。该路段为多车道高速公路，车流密集，主要由轿车、货车及少量客车组成，车辆在多个车道内缓慢行驶或处于停滞状态，部分车辆在车道间频繁变道，导致通行效率下降。涉事车辆包括白色轿车、黑色轿车、蓝色货车、红色货车、白色厢式货车以及多辆小型客车，均在正常行驶过程中因前方车流缓慢而被迫减速或停止。现场未见明显事故、施工或抛洒物迹象，也无异常停车或二轮车辆闯入情况。拥堵主要表现为车辆排队长度较长且持续无缓解趋势，影响了整体通行秩序，符合拥堵判断标准中的多辆车缓慢移动、排队长度超常、发生在瓶颈区域等特征。
611,5464,拥堵_20231220103338_突发事件_35245743.mp4,拥堵,抛洒物,2023年12月26日10时33分至10时34分，G60市区方向至S20内环高架桥路段出现交通拥堵事件。该路段为双向多车道高架道路，左侧为绿化带，右侧为城市道路，车流密集，车辆行驶缓慢，部分车辆处于低速移动或短暂停滞状态，排队长度持续延伸，未见明显事故或障碍物。涉事车辆包括多辆轿车、货车及厢式货车，其中以大型货车为主，如红色集装箱货车、白色厢式货车和黄色工程车等，均在正常车道内行驶但速度受限。车辆间距较小，后方车辆被迫减速并保持短距离跟车，存在轻微跟车变道行为。整体交通流呈现缓行特征，无异常停车、占道施工、二轮闯入或抛洒物等情况，推测为早高峰时段车流量大导致的通行不畅。影响范围覆盖多个车道，对通行效率造成一定影响，但未引发严重交通事故或紧急避让行为。
613,5466,占道施工_20240111230645_运行安全_35312017.mp4,占道施工,拥堵,2024年1月11日23时06分至23时07分，在S20内至G60出省方向的高速公路上，发生了一起占道施工交通事件。现场可见车道被锥桶和施工车辆遮挡，多名施工人员穿着反光背心在进行作业，导致车道数量减少，车辆需变道或减速行驶。涉事车辆包括多辆工程车和施工人员，他们操作设备，将部分车道封闭。受此影响，过往车辆被迫减速或绕行，交通流量明显减缓，但未出现严重拥堵。异常特征包括施工区域设有警示牌和闪烁警示灯，确保过往车辆的安全通行。
615,5468,抛洒物_20240308063832_运行安全_35394541.mp4,抛洒物,异常停车,2023年8月6日06:38至06:39期间，外环高速淞滨路西路段，一辆红色货车在右侧车道内完全静止，车辆未开启双闪灯，驾驶员未下车，后方多辆车辆被迫减速绕行，造成短时交通拥堵。该车停靠位置位于行车道，非停车区域，且无任何交通标志允许临时停车，其行为符合异常停车特征。该事件对后方车辆通行造成明显影响，存在安全隐患。
616,5469,拥堵_20231223091339_突发事件_35253951.mp4,拥堵,多车事故,多车事故
618,5471,异常停车_20230715145812_突发事件_1150174.mp4,异常停车,多车事故,多车事故
620,5473,拥堵_20240101092944_突发事件_35283158.mp4,拥堵,多车事故,2024年01月01日星期一上午09:29至09:29:48期间，在外环高速吴中路路段，多辆汽车在行车道上发生事故，涉事车辆包括一辆白色SUV和一辆蓝色轿车，两车停在行车道上，导致该路段交通严重拥堵，后续车辆被迫减速或停滞，影响范围覆盖多个车道，持续时间超过10秒，且无明显缓解趋势，符合多车事故的异常特征。
622,5475,异常停车_20240621123754_突发事件_35716942.mp4,异常停车,拥堵,2024年6月21日12时37分至12时38分，位于城市快速路某路段（具体位置未标注）出现持续性交通拥堵事件。该路段为多车道高速公路，两侧设有绿化带和护栏，路面湿滑，天气阴沉。视频显示，从12:37:53开始，该路段车流密集，车辆行驶缓慢，部分车辆处于低速移动或短暂停滞状态，尤其在右侧车道中段位置，车辆排队长度超过百米，车距明显缩短，存在频繁变道和跟车行为，整体通行效率显著下降。涉事车辆包括多辆轿车、货车及大型运输车，如红色集装箱货车、蓝色厢式货车、黄色平板货车等，均在正常车道内行驶，未见异常停车、事故或施工迹象。由于车流量大且持续时间较长，导致后方车辆被迫减速并形成连续的缓行队列，影响了道路通行能力。此异常特征符合“拥堵”判断标准，表现为多辆车缓慢移动或完全停止，排队长度超过正常范围，且发生在瓶颈区域，且无缓解趋势，符合典型拥堵事件特征。
624,5477,异常停车_20240509190024_突发事件_35575641.mp4,异常停车,拥堵,2024年5月9日19时00分至19时01分，外环高速曹安路北方向路段出现严重交通拥堵事件。该路段为多车道高速公路，车流密集，车辆以缓慢速度行驶，尾灯连成一片红色光带，表明车辆处于低速或停滞状态。涉事车辆包括大量轿车、货车、厢式货车及大型运输车，其中可见多辆黄色工程车和白色集装箱货车在车流中穿行，部分车辆因前方拥堵而频繁变道或减速。由于车流量大且通行效率降低，导致整体交通流速显著下降，车辆排队长度持续增加，未见明显事故或障碍物，但拥堵已影响多个车道正常通行，形成典型的高峰时段瓶颈现象。异常特征表现为车辆密集、车速缓慢、尾灯持续亮起，且无明显施工或事故迹象，推测为高峰时段车流集中所致。
634,5487,多车事故_20240531123535_突发事件_35658081.mp4,多车事故,异常停车,2024年5月31日12时58分至12时59分，外环高速吴淞江桥南路段出现异常停车事件。一辆白色厢式货车在右侧应急车道内完全静止，车辆未开启双闪灯，且无明显故障迹象，驾驶员不在车内。该车停靠位置导致后方多辆货车及小客车被迫减速绕行，造成短时通行受阻。周围车辆行驶缓慢，部分车辆变道避让，影响了该路段的正常交通流。此行为符合异常停车判断标准中的多项特征：车辆在非停车区域完全静止、无合法停车标志允许、未开启警示灯、未采取其他应急措施。
637,5490,二轮车辆闯入_20230720182619_突发事件_33391531.mp4,二轮车辆闯入,拥堵,2023年7月20日18时26分，外环高速龙吴路路段出现严重交通拥堵，车辆行驶缓慢，多辆轿车、货车及客车在车道内排队缓行，部分车辆处于停滞状态，车流密度显著增加，持续时间超过10秒且无缓解趋势，符合拥堵判断标准。现场未见异常停车、施工设施、二轮车辆闯入、事故碰撞或抛洒物等其他异常情况，主要表现为多车道连续排队缓行，影响通行效率，属于典型高峰时段或突发性交通拥堵事件。
645,5498,占道施工_20240524002533_运行安全_35628720.mp4,占道施工,异常停车,2024年5月24日00:25至00:26期间，在K14+050路段的高速公路夜间监控画面中，一辆白色轿车在右侧车道完全停止，车辆开启双闪灯，驾驶员未下车，后方多辆车辆因避让该车而紧急刹车或变道，导致交通流出现短暂拥堵和紊乱。该车停在行车道上，无任何停车标志或信号灯允许其停车，且周围无施工或事故迹象，符合异常停车特征。
649,5502,异常停车_20230722060322_突发事件_33394166.mp4,异常停车,多车事故,多车事故
651,5504,异常停车_20240613151852_突发事件_35701795.mp4,异常停车,拥堵,2024年6月13日15时18分至15时19分，外环高速莘朱路路段出现异常停车事件。一辆红色集装箱货车在右侧车道内完全静止，开启双闪灯，车辆处于非停车区域，且无交通信号灯或标志允许其停车。该车停靠位置导致后方多辆货车及轿车被迫减速绕行，形成局部拥堵，影响了道路通行效率。现场未见驾驶员下车或明显故障迹象，但该行为违反了高速公路禁止随意停车的规定，存在安全隐患。
657,5510,抛洒物_20240509220755_运行安全_35575662.mp4,抛洒物,异常停车,2024年5月9日22:07至22:08期间，在外环真南入口路段的高架桥上，一辆红色货车在右侧车道内长时间静止不动，车辆未开启双闪灯，且无任何施工或故障迹象，该行为持续约一分钟，导致后方车辆被迫绕行或减速，影响了道路通行效率，存在安全隐患。该异常停车行为符合“异常停车”判断标准。
658,5511,占道施工_20240218000250_运行安全_35365007.mp4,占道施工,拥堵,2024年02月18日00:02:45至00:03:42，在某高速公路的夜间路段，发生了一起占道施工交通事件。视频显示，左侧车道被大量红白相间的交通锥桶封闭，形成明显的施工隔离带，车辆被迫在右侧车道缓慢通行。涉事车辆包括多辆小型轿车和一辆工程车辆，它们在施工区域附近有序绕行，未见明显的事故或异常停车情况。此次占道施工导致右侧车道通行能力下降，车辆需减速并变道行驶，对正常交通流产生了一定影响，但整体交通秩序较为稳定，未出现拥堵或紧急避让的情况。异常特征主要体现在施工区域设有警示标志和闪烁警示灯，确保过往车辆能够及时注意到施工情况并采取相应措施。
659,5512,占道施工_20240129003451_运行安全_35343549.mp4,占道施工,拥堵,2024年1月29日00:34至00:35期间，在G60市区方向至S20外的高速公路上，发生了一起占道施工交通事件。现场可见多辆工程车辆和施工人员在进行作业，施工区域被锥桶和围栏遮挡，导致车道数量减少，车辆需变道或减速通行。施工人员穿着反光背心，操作设备，施工区域设有警示牌和闪烁警示灯，以提醒过往车辆注意避让。此次施工导致该路段交通流量减缓，车辆行驶速度明显降低，但未造成严重拥堵。异常特征包括施工设施占据部分车道、施工人员现场作业以及车辆被迫绕行或减速。
660,5513,异常停车_20240605184502_突发事件_35677335.mp4,异常停车,抛洒物,2024年6月6日10时44分至10时45分，在外环高速虹梅南路路段，出现一条白色布状抛洒物，该物体随车流被带入高速公路行车道内。随后多辆过往车辆发现货物异物后，均采取紧急避让或减速措施，部分车辆绕行通过，但部分抛洒物导致车辆行程短暂受阻，存在安全隐患。该事件发生在道路中间区域，对正常交通流造成一定影响，但未引发车辆碰撞或事故。异常特征表现为：白色布状物在车道内持续存在，未见明显清除，且被多辆车辆通过，反映出其对交通安全的潜在威胁。
661,5514,异常停车_20230717102944_突发事件_1156236.mp4,异常停车,二轮车辆闯入,2023年7月17日10时29分45秒，在外环高速吴中路路段，一辆二轮车驶入主路，与多辆正常行驶的汽车发生近距离交错，该二轮车未在专用非机动车道或辅道内行驶，驾驶员佩戴头盔，车辆无明显牌照，其闯入行为导致后方车辆紧急避让，存在较大安全隐患，属于典型的二轮车辆闯入高速公路的异常交通事件。
663,5516,多车事故_20240625161301_突发事件_35724773.mp4,多车事故,抛洒物,2024年6月25日15时12分，在外环高速北翟路立交北侧路段，道路上有不明物体，该物体位于行车道中央，呈扁平状，颜色较深，疑似为抛洒物。由于车辆行驶速度较快，且多辆货车和轿车在经过该区域时均未发生明显避让或急刹行为，但部分车辆会产生轻微摆动，导致该区域交通流出现短暂受阻。该抛洒物未被及时清理，可能对后方车辆造成安全隐患，尤其在雨天湿滑路面上，风险更高。整个事件中未见涉事车辆停车处理或交警到场处置，说明已构成潜在交通安全隐患。
664,5517,异常停车_20240605144609_突发事件_35676237.mp4,异常停车,多车事故,多车事故
669,5522,占道施工_20240421231656_运行安全_35505730.mp4,占道施工,异常停车,2024年04月21日23:16至23:48，在外环高速沪太立交东1-2路段，发生了一起占道施工交通事件。现场可见多辆工程车辆和施工人员，他们穿着反光背心，正在进行道路施工操作。施工区域被锥桶和围栏遮挡，导致车道数量减少，车辆需变道或减速通行。施工人员在施工现场进行作业，而过往车辆则被迫减速或变更车道以避开施工区域。此事件影响了该路段的正常交通秩序，造成了一定的交通拥堵风险，但未见明显的事故或异常停车情况。
670,5523,占道施工_20240126003046_运行安全_35337929.mp4,占道施工,拥堵,2024年1月26日00:30至00:31期间，在北环高速水产路路段，发生了一起占道施工交通事件。现场可见多辆工程车辆和施工人员在车道上进行作业，施工区域被多个锥桶遮挡，导致车道数量减少，车辆需变道或减速通行。施工人员穿着反光背心，操作设备，施工区域设有警示牌和闪烁警示灯，以提醒过往车辆注意避让。此次施工对道路交通造成了一定影响，但未引发严重拥堵或事故，整体秩序较为有序。异常特征包括施工设施占据部分车道、施工人员现场作业以及明显的警示标志。
673,5526,拥堵_20240227075605_突发事件_35376429.mp4,拥堵,占道施工,2024年2月27日07:50:02至07:51:02期间，G60市区方向至S20内2路段出现交通拥堵事件。该路段为高架桥，两侧有绿化带和护栏，右侧为城市建筑群，左侧为绿化带。视频显示，多辆小轿车、货车及一辆黄色出租车（即出租车）在道路上缓慢行驶或完全停止，车辆排成长队，车距明显缩短，尾灯持续亮起，表明车辆处于低速或停滞状态。涉事车辆包括白色轿车、黑色轿车、红色货车、白色厢式货车、黄色出租车等，均在正常车道内行驶，未见异常停车、事故或施工迹象。由于车流密集且持续时间较长，导致通行效率显著下降，后方车辆被迫减速并排队等候，形成典型拥堵现象。此拥堵发生在城市主干道与匝道交汇处，可能由前方交通流量大或瓶颈区域引起，影响了整体道路通行能力，但未见明显碰撞、抛洒物或占道施工等其他异常情况。
675,5528,二轮车辆闯入_20230719192622_突发事件_5963995.mp4,二轮车辆闯入,拥堵,2023年7月19日19时26分，外环高速莘庄立交北段发生交通拥堵事件，现场多辆小客车、货车及厢式货车在多个车道内缓慢行驶或停滞，车辆间距明显缩小，刹车灯连成一片，持续时间超过10秒且无缓解趋势，主要集中在立交桥入口附近区域，部分车辆因前方车流积压而减速变道，导致整体通行效率下降，存在典型拥堵特征。
676,5529,占道施工_20240330005458_运行安全_35452551.mp4,占道施工,拥堵,2024年3月30日00:54至00:55，在外环高速武威路南（内）路段，发生了一起占道施工交通事件。现场可见多辆工程车辆和施工人员在进行作业，车道被锥桶和围栏遮挡，导致车道数量减少，车辆需变道或减速通行。施工区域设有警示牌和闪烁警示灯，以提醒过往车辆注意避让。此事件影响了该路段的正常交通秩序，车辆被迫减速或绕行，但未造成严重拥堵。异常特征包括施工设施占据部分车道、施工人员现场操作以及明显的警示标志。
680,5533,二轮车辆闯入_20230719204751_突发事件_6964387.mp4,二轮车辆闯入,异常停车,2023年7月19日20时17分，外环高速沪太立交西2枪机2监控画面显示，夜间道路上车辆正常行驶，一辆红色货车在最右侧车道停靠，车辆开启双闪灯，符合异常停车行为。
682,5535,异常停车_20240604074559_突发事件_35670346.mp4,异常停车,拥堵,2024年6月4日早上7点45分至7点46分，嘉闵西桃浦公路南路段出现交通拥堵事件。该路段为多车道高速公路，车流密集，车辆以缓慢速度行驶，部分车辆处于停滞状态，形成连续排队现象，持续时间约一分钟且无缓解趋势。涉事车辆包括多辆轿车、SUV及一辆大型货车，均在正常车道内行驶，未见异常停车或事故迹象。由于车流量大，导致通行效率下降，后方车辆被迫减速并保持安全距离，影响了整体道路通行能力。异常特征表现为车辆间距缩小、行驶速度显著降低，符合典型早高峰时段拥堵特征。
683,5536,二轮车辆闯入_20230717160741_突发事件_1356333.mp4,二轮车辆闯入,拥堵,2023年7月16日17时07分35秒至17时08分03秒，外环高速吴中路路段出现交通拥堵事件。该路段为多车道高速公路，双向车流密集，其中南向北方向车辆行驶缓慢，形成连续排队现象，车辆间距明显缩小，部分车辆处于低速移动或短暂停滞状态，持续时间超过一分钟且无缓解趋势。涉事车辆包括多辆轿车、货车及厢式运输车，如红色集装箱货车、白色厢式货车、蓝色集装箱货车、白色厢式货车、红色厢式货车、白色厢式货车、黑色轿车及黑色SUV等，均在正常行驶过程中因前方车流缓慢而被迫减速或变道。未见异常停车、施工设施、二轮车辆闯入、抛洒物或交通事故迹象，也无明显碰撞痕迹或人员下车交涉行为。拥堵主要集中在道路中段及左侧车道，影响范围覆盖多个车道，导致通行效率下降，存在潜在追尾风险。异常特征表现为车辆行驶速度显著降低，车流密度增加，后方车辆被迫跟随减速，符合典型拥堵判断标准。
684,5537,占道施工_20240515000709_运行安全_35590522.mp4,占道施工,多车事故,2024年5月15日00:07:00至00:08:00，在外环高速老沪闵路东（内）路段，发生了一起多车事故。视频显示，事故区域位于道路右侧靠近匝道汇入处，涉事车辆包括两辆轿车，其中一辆黑色轿车在行驶过程中与前方白色轿车发生追尾碰撞，导致两车停在车道上。事故发生后，后方车辆被迫减速或绕行，造成该路段交通流受阻，车辆排队缓慢通行。现场可见其他车辆（如货车、轿车等）正常行驶，但部分车辆因避让或变道导致车距缩短，存在紧急刹车、变道等行为，显示出紧急避让和减速的情况。同时，有人员下车查看情况，可能为交涉车辆或交警人员。整个事件中，事故车辆占据了部分车道，影响了道路的正常通行，且未见明显施工或抛洒物等其他干扰因素，初步判断为多车追尾事故。
687,5540,异常停车_20240623072623_突发事件_35719435.mp4,异常停车,多车事故,多车事故
688,5541,二轮车辆闯入_20230718184215_突发事件_1962541.mp4,二轮车辆闯入,拥堵,2023年7月18日18时42分，外环高速龙吴路路段出现严重交通拥堵，多辆轿车、货车及客车在湿滑路面上缓慢行驶或停滞，车辆间距明显缩小，车流密度显著增加，部分车辆处于低速蠕动状态，持续时间超过10秒且无缓解趋势，影响范围覆盖多个车道，导致通行效率显著下降，符合拥堵判断标准。
693,5546,二轮车辆闯入_20230718131645_突发事件_1960885.mp4,二轮车辆闯入,异常停车,2023年7月18日13时17分38秒，在外环高速吴淞江桥南路段，一辆红色货车停靠在最右侧应急车道内，车辆开启双闪灯，驾驶员下车后在车旁停留，该行为属于非紧急情况下的异常停车。
696,5549,抛洒物_20240518054200_运行安全_35602636.mp4,抛洒物,异常停车,2024年5月18日星期六05:42:09，在外环高速北翟路立交北枪机03处，一辆红色平板货车在行车道上停车不当位导致后方车辆减速绕行，导致车道数量减少，影响了正常交通流。该车辆随后被替代车道驶离，未出现异常停车行为，但其异常停车行为构成交通安全隐患。
702,5555,占道施工_20231010223653_运行安全_34918540.mp4,占道施工,异常停车,2023年10月10日22时36分至22时37分，沪闵高架至S4金山方向1枪机1监控画面显示，一辆白色轿车在夜间行驶过程中，突然减速并完全停止，车辆停在行车道内，且无交通信号灯或标志允许其停车。该车长时间静止，导致后方多辆车辆被迫紧急刹车或绕行避让，存在明显异常停车行为，影响了道路通行秩序。
705,5558,占道施工_20230813011218_运行安全_34570190.mp4,占道施工,拥堵,2023年8月13日凌晨1时12分至1时15分，外环高速吴中路路段夜间出现占道施工交通事件。现场可见道路右侧车道被一排红白相间的交通锥桶封闭，形成临时隔离带，占用部分行车道，导致车辆需绕行或减速通过。施工区域未见明显施工人员或工程车辆，但存在明显的车道缩减和引导标志，表明正在进行道路施工或维护作业。多辆轿车、货车及大型运输车辆（包括集装箱卡车、平板运输车）在该路段正常行驶，但因车道减少，部分车辆在通过时出现轻微变道行为，存在轻微拥堵风险。整体交通流保持有序，未出现严重拥堵或事故，但存在因施工引发的通行效率下降和潜在安全隐患。
707,5560,异常停车_20240530203723_突发事件_35655743.mp4,异常停车,拥堵,2024年5月30日星期四凌晨4时37分至4时38分，外环高速沪渝立交路段出现严重交通拥堵。该路段为夜间湿滑路面，双向车道中右侧车道车辆行驶缓慢，车流密集，多辆轿车、货车及厢式运输车在湿滑路面上缓慢前行，刹车灯持续亮起，形成明显的红色光带。其中一辆白色厢式货车和一辆红色货车在拥堵中占据较大空间，导致后方车辆被迫减速并排缓行。现场未见明显事故或障碍物，但车流密度极高，车辆间距极小，通行效率显著下降，持续时间超过一分钟且无缓解趋势，符合拥堵判断标准。整体影响为该路段通行能力显著下降，存在潜在追尾风险。
714,5567,异常停车_20230715161413_突发事件_1150410.mp4,异常停车,多车事故,2023年7月15日16时14分至16时15分，位于某城市高架道路南向车道（靠近道路左侧绿化带）发生一起多车事故。涉事车辆包括一辆红色厢式货车、一辆白色轿车及多辆后方跟随的车辆。视频显示，红色厢式货车在行驶过程中突然减速并停车，导致后方车辆紧急刹车或绕行避让，引发连锁反应。其中，一辆白色轿车紧随其后减速并出现轻微碰撞趋势，其后方车辆因避让不及接连发生变道和刹车行为，形成短暂拥堵。事故现场无明显碰撞痕迹，但车辆位置异常且有明显减速和绕行行为，导致后方交通流受阻，通行效率下降。异常特征表现为车辆密集排列、刹车灯持续亮起、车道占用较长且持续约一分钟，符合多车事故的典型表现。
717,5570,二轮车辆闯入_20230719200345_突发事件_6964170.mp4,二轮车辆闯入,多车事故,多车事故
718,5571,异常停车_20230717232211_突发事件_1957086.mp4,异常停车,二轮车辆闯入,2023年7月17日23时22分至23时23分，外环高速丰翔路路段夜间监控画面显示，一辆二轮车辆（疑似摩托车或电动车）从右侧辅路驶入主车道，进入高速公路行车区域。该二轮车辆在车流中穿行，未见明显佩戴头盔，且无专用二轮车道或明显禁止标志，其行为属于闯入禁止通行区域。该事件符合二轮车辆闯入交通异常特征，存在较大安全隐患。
721,5574,二轮车辆闯入_20230717161734_突发事件_1356387.mp4,二轮车辆闯入,异常停车,2023年7月17日16时17分30秒左右，在外环高速莘庄立交东（外）路段，一辆白色轿车在最右侧车道上异常停车，车辆完全静止且开启双闪灯，驾驶员不在车内，疑似车辆故障。该行为导致后方车辆被迫减速避让，影响了正常交通流，形成短暂拥堵。异常特征包括车辆在非停车区域静止、无交通信号灯或标志允许停车以及后方车辆绕行避让，符合异常停车的判断标准。
723,5576,占道施工_20231012003701_运行安全_34924719.mp4,占道施工,异常停车,2023年10月12日星期四凌晨00:36至00:37期间，在某城市高架桥路段，发生了一起占道施工交通事件。现场可见一辆工程车辆停在道路左侧，车顶闪烁着警示灯，周围摆放了多个交通锥桶，形成临时施工区域。施工人员穿着反光背心，正在进行作业。由于施工占用了一部分车道，导致车道数量减少，过往车辆需减速并变道行驶，对交通流产生了一定影响。此外，施工区域设有明显的警示标志，提醒驾驶员注意避让，确保行车安全。整体来看，此次占道施工事件符合异常停车的判断标准，存在施工车辆停驻、施工设施遮挡车道以及施工人员现场作业等特征。
728,5581,拥堵_20230815180329_突发事件_34588020.mp4,拥堵,异常停车,2023年7月18日15时07分至15时08分，外环高速沪太立交东2枪机监控区域出现严重交通拥堵事件。该路段为多车道高速公路，双向车流密集，车辆以缓慢速度行驶，部分车辆处于停滞状态，排队长度持续延伸，未见明显事故或障碍物。涉事车辆包括大量轿车、货车及厢式运输车，其中红色集装箱货车、白色厢式货车和白色厢式货车等大型车辆在车流中较为突出，但未发现异常停车、占道施工、二轮闯入或抛洒物等情况。道路两侧绿化带清晰，无施工设施或警示标志，交通标志牌显示“500”限速提示，表明该区域为常规高峰时段瓶颈路段。整体车流呈现低速蠕动状态，车辆间距极小，后方车辆被迫减速或变道绕行，形成典型拥堵特征，影响通行效率，但未发生突发性交通事故或异常停车事件。
734,5587,拥堵_20231009073719_突发事件_34910520.mp4,拥堵,抛洒物,2023年10月9日星期一早上7点37分至7点38分，位于城市高架道路的某路段发生拥堵事件。该路段为多车道双向高架桥，两侧设有隔音屏障和城市天际线背景。视频显示，从7:37:15开始，该路段车辆行驶缓慢，车流密集，多辆轿车、SUV及一辆大型客车（白色大巴）在车道内排成长队，车距明显缩短，部分车辆几乎处于静止状态，持续时间超过一分钟且无缓解趋势。涉事车辆包括白色轿车、黑色SUV、银色面包车、红色厢式货车以及白色大巴，均在正常行驶过程中因前方车流缓慢而被迫减速或停止。由于车流量大且通行效率降低，导致后方车辆被迫排队等候，形成典型的早高峰拥堵现象。未见明显事故、施工或抛洒物等直接诱因，推测为常规性交通压力所致，但整体通行能力受限，影响了该路段的正常交通秩序。
738,5591,占道施工_20231206231306_运行安全_35196730.mp4,占道施工,拥堵,2023年12月6日23时13分至23时14分，外环高速老沪闵路东（内）路段夜间发生占道施工交通事件。现场可见一辆黄色工程车缓慢行驶在右侧车道，车后方设置多个红白相间的交通锥桶，形成临时隔离带，占用部分行车道。一名身穿反光背心的工作人员在锥桶附近进行作业，手持工具进行路面处理。该施工区域导致右侧车道通行空间受限，车辆需减速绕行，后方车辆排队缓行，车流密度增加，通行效率下降。施工区域未见明显警示牌或闪烁警示灯，但锥桶布置规范，符合占道施工标准。整体交通秩序虽未完全中断，但存在潜在拥堵风险。
739,5592,拥堵_20231211175314_突发事件_35211861.mp4,拥堵,多车事故,2023年12月11日17时53分至17时54分，外环高速吴中路路段发生一起多车事故。事故发生在夜间，监控画面显示一辆白色轿车与前方车辆发生追尾，涉事车辆包括白色轿车及前车。事故现场有多名车辆停靠在行车道上，驾驶员下车查看情况，另一名车辆驾驶员从后方车辆下车与同行人员交流，疑似因为事故而产生其他突发情况。事故导致后方车辆被迫减速或绕行，交通流出现短暂拥堵，且右侧车道车流明显缓慢，部分车辆开启刹车灯，形成排队缓行现象。现场未见明显抛洒物或施工设施，但事故车辆位置异常，疑似追尾导致追赶行为，存在安全隐患。整体事件符合多车事故判断标准，表现为两辆及以上车辆碰撞痕迹、车辆位置异常及交通秩序受扰。
743,5596,占道施工_20240312231703_运行安全_35404903.mp4,占道施工,拥堵,2024年03月12日23:17至23:17:50，在外环高速沪太立交东1-2路段，发生了一起占道施工交通事件。现场可见车道被多个锥桶和施工车辆遮挡，施工人员穿着反光背心在操作设备，导致该区域的车道数量减少，车辆需变道或减速行驶。涉事车辆包括多辆工程车和施工人员操作设备，施工区域设有警示牌和闪烁警示灯，以提醒过往车辆注意避让。此次施工对道路交通造成了一定影响，但未引发严重拥堵或事故，整体交通秩序较为有序。异常特征包括施工设施占据部分车道、施工人员现场作业以及车辆被迫绕行或减速。
744,5597,占道施工_20230815015002_运行安全_34580011.mp4,占道施工,拥堵,2023年8月15日0时50分至0时51分，外环高速吴中路路段夜间发生占道施工交通事件。现场可见一辆黄色工程车停靠在右侧车道，车顶警示灯闪烁，车身周围摆放多个红白相间的交通锥桶，形成临时隔离区域。多名身穿反光背心的施工人员在车辆附近活动，其中一人手持工具在锥桶间移动，另一人站在车旁指挥或检查作业。该施工区域占用了一条行车道，导致过往车辆需减速绕行，部分车辆在通过时明显变道避让，影响了正常通行秩序。施工区域设有明显的警示标志和灯光提示，符合占道施工标准，但未见明显事故或拥堵情况发生。
746,5599,二轮车辆闯入_20230721110024_突发事件_33393508.mp4,二轮车辆闯入,拥堵,2023年12月21日13时00分至13时01分，外环高速武威路南（内）路段出现交通拥堵事件。该路段为多车道高速公路，双向车流密集，车辆包括轿车、货车、厢式货车及大型运输车等各类机动车。视频显示，从13:00:00开始，道路右侧车道车辆行驶缓慢，车距明显缩短，部分车辆处于低速蠕动状态，持续时间约1分钟且无缓解趋势，符合拥堵判断标准。拥堵主要集中在靠近右侧绿化带及道路标线区域，车辆排成长队，包括红色、蓝色、白色等多种颜色的货车及小型客车，其中部分大型货车占据较多车道，加剧了通行压力。未见明显事故、施工或异常停车迹象，但因车流量大且车辆密度高，导致通行效率显著下降，形成典型拥堵现象。该拥堵影响了该路段的正常通行秩序，造成后方车辆排队缓行，存在潜在追尾风险。
750,5603,二轮车辆闯入_20230715120549_突发事件_1149575.mp4,二轮车辆闯入,异常停车,2023年7月15日12时05分43秒至12时06分09秒，外环高速吴淞江桥南段监控画面显示，一辆红色货车在最右侧应急车道内停靠，开启双闪灯，驾驶员下车活动，符合异常停车行为。
754,5607,异常停车_20240601170230_突发事件_35662600.mp4,异常停车,拥堵,2024年6月1日17:02至17:03期间，在嘉闵东金沙江路出入口附近的高架道路上，发生了一起多车事故。事故发生在道路右侧车道，一辆白色轿车与前方白色车辆疑似发生追尾碰撞，车辆位置异常，横跨部分车道，导致后方车辆被迫减速或绕行。事故发生后，有车辆在第一时间内向交警部门报告，现场可见车辆有序停于事故区域，部分驾驶员下车查看情况。事故造成该路段交通拥堵，后方车辆排队缓慢通行，影响了整体道路通行效率。异常特征表现为多车连续碰撞痕迹、车辆位置异常及后续车辆避让行为。
762,5615,二轮车辆闯入_20230722154808_突发事件_33394717.mp4,二轮车辆闯入,拥堵,2023年7月22日15时48分05秒至15时48分32秒，外环高速顾戴路路段在雨天条件下天气情况下，监控画面显示该路段车流密集，车辆行驶缓慢，存在明显拥堵现象。涉事车辆包括多辆轿车、货车及一辆大型罐车，其中一辆红色罐车和一辆白色厢式货车在车流中较为显眼，未见异常停车或事故迹象。由于雨天路面湿滑，能见度较低，车辆普遍开启前大灯和车灯，导致能见度降低，存在一定的行车安全隐患。整体交通流呈现持续缓慢移动状态，未发生碰撞或停车行为，但因车流量大且通行速度受限，形成典型的拥堵事件，影响了该路段的正常通行效率。
766,5619,拥堵_20230815155509_突发事件_34583864.mp4,拥堵,二轮车辆闯入,2023年8月15日15时54分至15时55分，外环高速沪太立交东段出现交通拥堵事件，现场多辆货车与轿车在行车道上缓慢行驶或停滞，车辆排成长队，车流密度高，通行速度明显下降，部分车辆处于低速移动状态，未见明显事故或障碍物，但整体车流呈现持续性缓行趋势，影响范围覆盖多个车道，导致后方车辆被迫减速并维持短距离跟随，符合拥堵判断标准中“多辆车缓慢移动或完全停止”、“排队车辆长度超过正常范围”以及“发生在匝道等瓶颈区域”的特征，未发现异常停车、施工、抛洒物或二轮车辆闯入等其他异常行为。
768,5621,拥堵_20230801133135_突发事件_33411920.mp4,拥堵,多车事故,多车事故
769,5622,抛洒物_20240616081031_运行安全_35707402.mp4,抛洒物,异常停车,2024年6月16日星期日08:10:23至08:11:23期间，在城市高架桥路段，一辆红色货车停靠在右侧车道上，车辆未开启双闪灯，驾驶员未下车，后方车辆正常行驶未见明显绕行或减速行为，该车处于非停车区域且无交通信号灯或标志允许停车，存在异常停车行为，影响后方车辆通行，构成典型异常停车事件。
774,5627,拥堵_20230725073324_突发事件_33398644.mp4,拥堵,多车事故,多车事故
776,5629,占道施工_20240117000318_运行安全_35322849.mp4,占道施工,拥堵,2024年01月17日星期三凌晨03:00:14至03:01:13期间，在外环高速铁山路段，发生了一起占道施工交通事件。现场可见多辆工程车辆和施工人员在车道上进行作业，施工区域用锥桶进行了隔离，部分车道被遮挡，导致车道数量减少，车辆需变道或减速通行。施工人员穿着反光背心，操作相关设备，施工区域设有警示牌和闪烁警示灯，以提醒过往车辆注意避让。此次施工行为对道路交通造成了一定影响，但未引发严重拥堵或事故，整体秩序较为有序。异常特征包括施工设施遮挡车道、施工人员现场作业以及明显的警示标志。
780,5633,抛洒物_20240607111619_运行安全_35683421.mp4,抛洒物,异常停车,2024年6月7日11时16分至11时17分，外环高速沪太立交东1-2路段，一辆白色轿车在最左侧车道完全静止，驾驶员下车查看，车辆开启双闪灯，疑似发生故障。该行为导致后方车辆被迫减速绕行，影响了正常交通流，存在安全隐患。异常特征包括车辆在非停车区域静止、驾驶员不在车内、车辆无明显故障迹象且无警示措施，符合异常停车的判断标准。
782,5635,占道施工_20240118000712_运行安全_35325092.mp4,占道施工,拥堵,2024年1月18日00:07:00至00:07:29期间，在外环高速蕴藻浜桥北2（外）路段，发生了一起占道施工交通事件。现场可见一辆工程车辆停在右侧车道上，其警示灯闪烁，周围放置了多个交通锥桶以隔离施工区域。施工人员穿着反光背心，正在进行相关操作。由于施工占用了一部分车道，导致该区域的车道数量减少，过往车辆需减速并变道行驶，对交通流产生了一定影响。此外，施工区域设有明显的警示标志和灯光提示，确保过往车辆能够及时注意到并采取相应措施，确保行车安全。整个过程中，施工行为规范，未造成严重拥堵或事故。
784,5637,异常停车_20230716162353_突发事件_1154677.mp4,异常停车,多车事故,多车事故
789,5642,异常停车_20240625180222_突发事件_35725201.mp4,异常停车,拥堵,2024年6月25日18时26分至18时27分，位于城市快速路某路段（道路标线内）发生交通拥堵事件。该路段为双向多车道高速公路，天气为雨天，路面湿滑，能见度较低。视频显示，从18:26:55至18:27:00，该路段车辆行驶缓慢，车流密集，多辆小轿车、货车及厢式运输车在车道内持续低速行驶或短暂停滞，部分车辆刹车灯亮起，表明车速明显降低。车辆排成长队，间距极小，且无明显变道或超车行为，整体通行效率显著下降。拥堵主要集中在画面中段及右侧车道，左侧对向车道车流相对顺畅，表明拥堵区域位于主路中段，可能因前方路段存在瓶颈或前方有施工或事故未处理导致。未见异常停车、占道施工、二轮车辆闯入、抛洒物或交通事故等其他异常情况，因此判定为典型的交通拥堵事件，影响了该路段的正常通行秩序。
790,5643,拥堵_20240316145206_突发事件_35416360.mp4,拥堵,抛洒物,2024年3月16日14时55分至14时56分，外环高速沪太立交西1（内）路段出现交通拥堵事件。该路段为多车道高速公路，车流密集，主要由轿车、货车及厢式运输车组成，其中包含一辆白色厢式货车、一辆红色平板货车、一辆白色大巴车及多辆私家车。车辆在多个车道内缓慢行驶或处于停滞状态，部分车辆间距极小，整体车速明显低于正常通行水平，持续时间超过1分钟且无缓解趋势。拥堵主要集中在右侧车道，左侧车道虽有车辆通行但车速也较低，整体呈现典型的高峰时段瓶颈区域拥堵特征。未见明显事故、施工或抛洒物等直接诱因，推测为常规性交通流量饱和所致。该事件对道路通行效率造成较大影响，存在潜在追尾风险，需及时疏导缓解。
791,5644,异常停车_20230716094748_突发事件_1153365.mp4,异常停车,多车事故,2023年7月16日星期日上午9时47分至9时48分，北环高速富锦路路段高架桥上发生一起多车事故。事故发生在道路右侧车道，涉事车辆包括一辆白色轿车和一辆黑色轿车，在行驶过程中两车发生追尾，两车均停于行车道上。事故发生后，现场有多名人员下车查看情况，其中白色轿车驾驶员下达了“再见”的指示，其他车辆被迫紧急避让或停滞，造成该路段交通流受阻，后方车辆排队缓慢通行。事故现场无明显散落物，但事故车辆停留时间较长，影响了正常行车秩序，符合多车事故的典型特征。
793,5646,二轮车辆闯入_20230721125208_突发事件_33393621.mp4,二轮车辆闯入,拥堵,2023年12月28日13时10分至13时11分，外环高速戚溪路段出现严重交通拥堵，多车道车辆行驶缓慢或基本停滞，车流密集且持续时间较长，影响范围覆盖多个车道，车辆排成长队，部分车辆在低速移动中频繁刹车，后方车辆被迫减速或绕行，整体通行效率显著下降，符合典型拥堵事件特征。
796,5649,二轮车辆闯入_20230719191546_突发事件_5963967.mp4,二轮车辆闯入,拥堵,2023年7月19日19时15分至19时16分，外环高速沪太立交东2枪机监控画面显示，该路段出现严重交通拥堵，车辆行驶缓慢，多车道内车流密集且持续排队，车距明显缩短，部分车辆刹车灯长时间亮起，显示通行效率显著下降。涉事车辆包括大量轿车、货车及厢式运输车，其中以大型货车为主，如平板拖车、集装箱卡车和厢式货车，均在正常车道内行驶但速度极慢。由于车流密集，车辆间距极小，后方车辆被迫减速或停滞，形成典型拥堵现象，影响了道路整体通行能力。该拥堵发生在夜间，路面湿滑，进一步加剧了通行难度，未见明显事故或施工迹象，但车流持续积压且无缓解趋势，符合拥堵判断标准。
797,5650,异常停车_20240530103359_突发事件_35653736.mp4,异常停车,拥堵,2024年5月30日10时34分，位于城市高架道路的某路段发生交通拥堵事件，现场多车道车辆行驶缓慢，车流密集且持续无明显缓解趋势，主要涉及各类轿车、货车及面包车，其中包含白色、黑色、红色等多种颜色的车辆，部分车辆在车道间频繁变道，整体通行效率显著下降。右侧车道有大型货车和厢式货车排队缓行，左侧车道则因车流集中导致通行受阻，形成明显的拥堵态势。该路段为多车道高架桥，两侧设有护栏和绿化带，无施工迹象或事故痕迹，但车流量大且持续时间较长，影响了正常通行秩序，符合典型高峰时段或特殊天气条件下引发的交通拥堵特征。
798,5651,异常停车_20230716092657_突发事件_1153304.mp4,异常停车,二轮车辆闯入,2023年7月16日星期日上午9时26分55秒，在一条多车道城市快速路上，一辆红色二轮摩托车从右侧车道驶入主路，行驶于机动车道中，未见其在专用非机动车道或辅路行驶，且该路段无明显二轮车通行标志或专用通道。该摩托车驾驶员佩戴头盔，车辆无明显牌照，其行为属于闯入禁止通行区域的危险驾驶行为，对后方正常行驶的机动车构成潜在安全隐患，导致部分车辆出现避让动作，影响了道路通行秩序与安全。此事件符合二轮车辆闯入交通异常特征，属于典型违规进入高速公路的危险驾驶行为。
802,5655,拥堵_20231123065055_突发事件_35141719.mp4,拥堵,多车事故,2023年11月23日06:50:53至06:51:52期间，在城市高架桥路段，右侧车道发生一起多车事故。涉事车辆包括一辆白色轿车和一辆黑色SUV，视频中二车已经发生碰撞，导致车辆位置异常，其中白色轿车斜停于车道内，黑色SUV紧随其后，引发后方车辆紧急避让和减速。事故现场未见明显人员下车交涉或交警到场，但事故造成该路段交通拥堵，后方车辆排队缓慢通行，影响了整体道路运行效率。事故区域无施工设施或抛洒物，也无二轮车辆闯入，但车辆碰撞痕迹清晰可见，符合多车事故特征。
805,5658,异常停车_20240511102825_突发事件_35581105.mp4,异常停车,拥堵,2024年5月11日10时38分至10时39分，外环高速京沪立交南（外）路段出现交通拥堵事件。该路段为双向多车道高速公路，天气阴雨，路面湿滑，能见度较低。左侧车道车辆排成长队，行驶缓慢，车距明显缩短，多辆轿车、货车及厢式运输车在缓慢移动中，其中红色货车、白色厢式货车和黑色轿车较为密集，车辆间距极小，部分车辆处于低速蠕行状态。右侧车道虽有车辆正常通行，但整体车流密度高，且无明显加速趋势。拥堵区域位于G312国道出口附近，可能因匝道汇入或前方道路瓶颈导致车流积压。现场未见事故、施工或抛洒物等直接诱因，但车辆长时间低速行驶且排队长度超过百米，符合拥堵判断标准，影响了该路段的通行效率。
806,5659,异常停车_20230718134257_突发事件_1961016.mp4,异常停车,拥堵,2023年7月13日13时42分至13时43分，外环高速仙霞路（内）路段出现交通拥堵事件。该路段为双向多车道高速公路，车流密集，主要由轿车、货车及厢式运输车组成，其中右侧车道车辆行驶缓慢，部分车辆处于低速移动或短暂停滞状态，形成连续排队现象，持续时间超过一分钟且无缓解趋势。涉事车辆包括白色厢式货车、红色集装箱货车、黄色工程车及多辆私家车，均在正常车道内行驶，未见异常停车、事故或施工迹象。拥堵主要集中在右侧车道，影响范围较广，导致后方车辆被迫减速并排成队列，存在明显的交通流不畅特征。现场未发现抛洒物、占道施工或二轮车辆闯入等情况，也无明显碰撞痕迹或人员下车交涉行为，初步判断为因车流量过大引发的常态化拥堵事件。
808,5661,占道施工_20230816233912_运行安全_34592138.mp4,占道施工,拥堵,2023年8月16日23时39分至23时40分，外环高速沪太立交东1-1 03路段夜间发生占道施工交通事件。现场可见多辆工程车辆停靠在道路右侧车道，包括一辆黄色工程车和数辆货车，车顶警示灯持续闪烁，周围设置有多个橙白相间的交通锥桶，形成临时隔离区域。施工区域占用部分车道，导致车辆需绕行或减速通过，影响了该路段的正常通行秩序。施工区域未见明显施工人员活动，但存在明显的施工设施布置，符合占道施工特征。整体交通流虽未完全中断，但车辆行驶速度明显减缓，存在潜在拥堵风险。
813,5666,异常停车_20240531113320_突发事件_35657891.mp4,异常停车,拥堵,2024年5月31日11时37分至11时38分，外环高速吴淞江桥南路段出现异常停车事件。一辆白色厢式货车在右侧车道内完全静止，车辆未开启双闪灯，且无明显故障迹象。该车停靠位置位于行车道内，非停车区域，导致后方多辆汽车被迫减速绕行，形成局部拥堵。此行为违反了高速公路禁止随意停车的规定，存在安全隐患，影响了道路通行效率。
816,5669,异常停车_20240614132418_突发事件_35704549.mp4,异常停车,拥堵,2024年6月13日14时28分至14时29分，外环高速沪太立交西段出现交通拥堵事件。该路段为多车道高速公路，双向车流密集，其中南向北方向车辆行驶缓慢，形成明显排队现象，车辆间距缩短，车速降低，部分车辆处于低速蠕行状态。涉事车辆包括多辆轿车、货车及厢式货车，如红色集装箱货车、白色厢式货车、白色面包车等，均在正常车道内行驶，未见异常停车或事故迹象。现场未发现施工设施、抛洒物或二轮车辆闯入情况，也无人员下车处理。拥堵主要集中在靠近立交桥区域，车辆在汇入主路前逐渐减速，导致通行效率下降。整体表现为典型的高峰时段交通拥堵，影响范围覆盖多个车道，持续时间较长，且无缓解趋势，符合拥堵判断标准中“多辆车缓慢移动或完全停止”“排队车辆长度超过正常范围”“持续一段时间且无缓解趋势”的特征。
818,5671,二轮车辆闯入_20230718104044_突发事件_1960289.mp4,二轮车辆闯入,多车事故,多车事故
819,5672,异常停车_20230721033029_突发事件_33393073.mp4,异常停车,多车事故,2023年7月21日03时30分至03时31分，外环高速虹梅南路路段夜间监控画面显示，多辆机动车在行车道上发生碰撞事故。涉事车辆包括一辆白色货车、一辆白色轿车，其中白色轿车在行驶过程中与前方货车发生追尾，导致车辆位置异常，引发后方车辆紧急避让、减速及绕行。事故区域位于高架桥上，无明显施工设施或抛洒物，也未见人员下车交涉或交警到场处理，但车辆灯光明显异常、通行秩序受阻，符合多车事故特征。事故持续约一分钟，期间影响范围较大，导致局部车道通行能力下降，存在安全隐患。
820,5673,异常停车_20240622091128_突发事件_35718368.mp4,异常停车,多车事故,多车事故
823,5676,占道施工_20240521230951_运行安全_35618456.mp4,占道施工,拥堵,2024年5月21日23时09分至23时10分，在外环高速南大路北（内）路段，发生了一起占道施工交通事件。现场可见车道被多个橙色锥桶遮挡，施工车辆停在右侧车道并开启警示灯，施工人员穿着反光背心在进行作业。由于施工设施的遮挡，车道数量减少，导致过往车辆需变道或减速行驶，影响了道路的正常通行秩序。异常特征包括：施工区域设有明显的警示标志和闪烁的警示灯，确保过往车辆能够及时注意到施工情况并采取相应措施。整体来看，此次占道施工对夜间高速公路的交通流量产生了一定影响，但未造成严重拥堵或事故。
824,5677,拥堵_20231026081052_突发事件_35000151.mp4,拥堵,抛洒物,2023年10月26日星期四早上7点09分至7点10分，位于高速公路主线双向车道中右侧方向（由北向南）发生拥堵事件。该路段为多车道高速公路，车流密集，主要由轿车、货车及少量客车组成，其中包含蓝色、白色、黑色等多种颜色的车辆。视频显示，从7点09分开始，右侧车道车辆行驶速度明显减缓，车辆间距缩短，部分车辆出现排队现象，尤其在中间及右侧车道形成连续的缓行队列，持续时间超过一分钟且无缓解趋势。涉事车辆包括多辆小型轿车、面包车及大型货车，如白色厢式货车、黄色厢式货车、蓝色集装箱货车等，均在正常行驶中未见异常停车或事故迹象。由于车流量大且通行效率降低，导致后方车辆被迫减速或变道，影响了整体道路通行能力。异常特征表现为车辆行驶速度普遍下降，车距缩短，后方车辆频繁刹车，形成典型的早高峰拥堵现象，未见施工设施、抛洒物或交通事故痕迹，推测为高峰时段车流集中所致。
828,5681,二轮车辆闯入_20230717144712_突发事件_1158101.mp4,二轮车辆闯入,拥堵,2023年7月17日14时47分至14时48分，外环高速莘朱路路段出现交通拥堵事件。该路段为多车道高速公路，双向车流密集，车辆包括轿车、货车、客车及大型运输车等各类机动车。视频显示，从14:47:09开始，道路右侧车道出现持续性缓行，车辆行驶速度明显降低，部分车辆在车道内缓慢移动或短暂停滞，形成排队现象，持续时间超过1分钟且无缓解趋势。涉事车辆包括蓝色、绿色、黄色、白色等多种颜色的大型货车及多辆私家车，其中部分大型货车因体积较大占据较多车道，加剧了通行压力。由于车流密集，后方车辆被迫减速并保持安全距离，导致整体通行效率下降。未见明显的事故、施工或抛洒物等直接诱因，但拥堵发生在非高峰时段，可能与车流量过大或前方道路瓶颈有关。该事件表现为典型的交通拥堵特征，影响了该路段的正常通行秩序，存在潜在追尾风险。
833,5686,拥堵_20231214105941_突发事件_35223641.mp4,拥堵,抛洒物,2023年11月4日10时59分40秒左右，在外环高速沪太立交西段，监控画面显示多车道正常行驶的车辆中，右侧应急车道与主车道之间出现明显异物，疑似为抛洒物。该异物位于行车道与应急车道交界处，尺寸较大，导致后方部分车辆紧急避让或减速。未见涉事车辆。该事件未造成车辆碰撞或事故，但已对通行安全构成潜在威胁，属于典型的抛洒物交通异常。
835,5688,二轮车辆闯入_20230717162737_突发事件_1356437.mp4,二轮车辆闯入,拥堵,2023年7月17日22时26分至22时27分，外环高速仙霞路（内）路段出现交通拥堵事件。该路段为多车道高速公路，双向车流密集，其中南向北方向车辆行驶缓慢，形成明显排队现象，车辆间距缩短，车速降低，部分车辆处于低速蠕行状态。涉事车辆包括多辆轿车、货车及厢式货车，如红色集装箱货车、白色厢式货车、黄色面包车等，均在正常车道内行驶，未见异常停车或事故迹象。拥堵区域位于高架桥段，道路两侧绿树成荫，远处有建筑群和立交桥结构，但未见施工设施或障碍物阻碍通行。整体车流呈现持续性缓行状态，无突发事故或抛洒物迹象，推测为高峰时段流量饱和所致，属于典型的交通拥堵事件。
844,5697,占道施工_20240329172733_运行安全_35452280.mp4,占道施工,拥堵,2024年03月29日17:27至17:28期间，在外环高速淞滨路西枪机2处，视频显示该路段正在进行占道施工。施工区域由多个锥桶和围栏进行隔离，部分车道被遮挡，导致车辆需变道或减速行驶。现场可见施工车辆和施工人员，施工区域设有警示牌和闪烁警示灯，提示驾驶员注意避让。受此影响，右侧车道车辆通行速度减缓，出现排队现象，但未见明显拥堵。异常特征包括施工设施占据部分车道、施工人员在场以及明显的交通引导标志。
845,5698,异常停车_20230718180009_突发事件_1962352.mp4,异常停车,二轮车辆闯入,2023年7月18日18时00分05秒，在嘉闵西侧德华路高架桥路段，一辆二轮摩托车从右侧车道驶入主路，行驶于机动车道内，未在专用非机动车道或辅路行驶，且无明显禁止标志区域，该车辆在车流中穿行，驾驶员佩戴头盔，车辆有牌照，属于二轮车辆闯入机动车道的异常行为，对周边正常行驶的车辆造成潜在安全隐患，后方车辆出现避让动作，影响交通秩序。
849,5702,异常停车_20240530170931_突发事件_35655454.mp4,异常停车,拥堵,2024年5月30日17:09至17:10，在东侧元江路入口处，发生了一起占道施工交通事件。视频中可以看到，一辆工程车辆停在右侧车道上，车上装载着多个交通锥桶，工作人员正在进行施工作业。该车辆占据了部分车道，导致后方车辆被迫减速或变道行驶，影响了道路的正常通行。现场可见施工人员穿戴反光背心，操作设备，且施工区域设有警示牌和闪烁警示灯，进一步提醒过往车辆注意避让。整个过程中，车辆有序绕行，未出现严重拥堵情况，但明显可以看出施工对交通流产生了一定影响。
852,5705,异常停车_20240622185328_突发事件_35719193.mp4,异常停车,拥堵,2024年06月22日18:53至18:54，在外环高速沪渝立交处，发生了一起多车事故。涉事车辆包括一辆白色SUV和一辆白色轿车。事故导致该路段交通严重拥堵，后续车辆被迫减速或停车，现场秩序混乱，部分车辆的驾驶员下车查看情况。此次事故的异常特征在于车辆的异常停止，且事故发生在高速公路上，对过往车辆的正常通行造成了显著影响。
855,5708,占道施工_20230815230021_运行安全_34585481.mp4,占道施工,拥堵,2023年8月15日23时00分至23时01分，外环高速虹梅南路路段夜间发生占道施工交通事件。现场可见一辆黄色工程车停靠在右侧车道，车后方设置有多个交通锥桶和警示标志，多名身穿反光背心的施工人员在车辆附近进行作业，部分人员在移动交通锥桶。施工区域占用了一条行车道，导致该车道车辆需减速绕行，后方车辆行驶缓慢，部分车辆变道避让。施工区域设有明显的警示设施，包括闪烁警示灯和反光标识，符合占道施工标准。整体交通流受影响，但未出现严重拥堵或事故。
858,5711,异常停车_20240614145356_突发事件_35704769.mp4,异常停车,二轮车辆闯入,2024年6月14日14时53分56秒至14时54分56秒，嘉闵西高速北侧立交南段，监控画面显示多车道高速公路的行车方向正常，未见任何二轮车辆（如摩托车、电动车或自行车）出现在道路。
859,5712,异常停车_20240511170748_突发事件_35582116.mp4,异常停车,拥堵,2024年5月11日07:06至07:07期间，在外环高速吴淞江桥南路段，发生了严重的交通拥堵事件。视频显示，多辆轿车、货车和客车在该路段缓慢移动或完全停止，排队车辆长度超过正常范围且持续一段时间无缓解趋势，明显发生在道路瓶颈区域。涉事车辆包括各种颜色的私家车、大型货车和客运车辆，它们在湿滑的路面上缓慢前行，部分车辆因避让或减速导致轻微碰撞。此次拥堵导致后方车辆被迫减速或停车，严重影响了道路通行效率，异常特征表现为车辆密集、行驶速度极低以及部分车辆开启双闪灯。整体来看，该事件属于典型的早高峰时段因车流量过大引发的交通拥堵，对过往车辆的正常行驶造成了显著影响。
863,5716,二轮车辆闯入_20230722162040_突发事件_33394753.mp4,二轮车辆闯入,拥堵,2023年7月22日16时20分至16时21分，外环高速京沪立交（内）路段出现交通拥堵事件。该路段为双向多车道高速公路，左侧车道车辆行驶缓慢，形成明显排队现象，车辆间距缩小，车速降低，部分车辆处于低速蠕动状态，持续时间约1分钟且无缓解趋势。涉事车辆包括多辆轿车、货车及厢式货车，其中红色、白色和黑色货车较为密集，部分车辆在车道内频繁变道或减速，导致后方车辆被迫跟随减速。右侧车道车流相对顺畅，但受左侧拥堵影响，整体通行效率下降。现场未见事故、施工或抛洒物等直接诱因，但左侧车道拥堵已构成典型交通异常，可能由前方瓶颈路段或突发状况引发，对区域交通运行造成显著影响。
864,5717,异常停车_20240623062923_突发事件_35719304.mp4,异常停车,多车事故,多车事故
865,5718,异常停车_20240613133535_突发事件_35701376.mp4,异常停车,拥堵,2024年6月13日13时39分54秒至13时40分25秒，外环高速沪太立交东2枪机2监控画面显示，该路段双向车道车流量正常，车辆行驶平稳，无明显拥堵或事故迹象。
867,5720,异常停车_20240605234557_突发事件_35677381.mp4,异常停车,拥堵,2024年6月5日23时45分至23时46分，在外环高速吴淞江桥南路段，发生了一起多车事故。涉事车辆包括一辆白色轿车和一辆黑色SUV，两车在行驶过程中发生碰撞，导致车辆位置异常，斜停在左侧道路。事故发生后，有人员下车进行交涉，现场秩序受到影响，其他车辆被迫紧急避让或停滞，造成了交通拥堵。异常特征表现为车辆碰撞痕迹明显，且事故车辆占用行车道，影响了后续车辆的正常通行。
869,5722,占道施工_20240129223030_运行安全_35345765.mp4,占道施工,拥堵,2024年1月29日22时30分至22时31分，在东侧元江路入口3处的高架道路左侧车道上，发生了一起占道施工交通事件。现场可见多辆车辆在该车道上缓慢行驶，车道被多个橙色锥桶遮挡，施工人员穿着反光背心在进行作业，导致车道数量减少，车辆需变道或减速通过。施工区域设有警示牌和闪烁警示灯，以提醒过往车辆注意避让。此事件影响了道路的正常通行，车辆被迫减速或绕行，但未造成严重的交通拥堵。异常特征包括施工设施占据部分车道、施工人员在场操作以及车辆需变道或减速等。
870,5723,二轮车辆闯入_20230715105902_突发事件_1149393.mp4,二轮车辆闯入,拥堵,2023年7月15日星期六10时58分至10时59分，位于城市高架道路主干道上，多车道出现持续性交通拥堵。涉事车辆包括大量轿车、SUV、货车及一辆红色消防车，其中红色消防车在车流中缓慢行驶并逐渐减速，后方车辆密集排队，部分车辆刹车灯亮起，显示通行速度显著下降。该路段为多车道高架桥，双向车流密集，右侧匝道有车辆汇入，但未见明显施工或事故迹象。拥堵主要集中在主路中段，影响范围约数百米，持续时间约一分钟，无突发性障碍物或异常停车情况，推测为高峰时段车流量过大所致，属于典型拥堵事件。
881,5734,二轮车辆闯入_20230720063621_突发事件_6967088.mp4,二轮车辆闯入,多车事故,多车事故
882,5735,多车事故_20240522170050_突发事件_35623247.mp4,多车事故,异常停车,2024年5月22日17时00分38秒，在武宁南立交桥B1路段，一辆白色轿车在最右侧车道内完全静止，车辆未开启双闪灯，驾驶员下车后在车旁停留并有弯腰动作，疑似检查车辆故障或处理突发情况。该车停靠位置位于行车道内，非停车区域，且无交通信号灯或标志允许停车，导致后方车辆被迫减速绕行，影响正常通行秩序，构成异常停车事件。
883,5736,异常停车_20240524153837_突发事件_35632238.mp4,异常停车,多车事故,2024年5月24日15时39分32秒至15时39分44秒，外环高速丰翔路南段监控画面显示，一辆白色货车在最右侧车道停靠，车辆开启双闪灯，驾驶员未下车查看。
888,5741,抛洒物_20231222064911_运行安全_35250259.mp4,抛洒物,拥堵,2023年12月22日星期六05:49至05:50期间，北环高速曹妃甸路段出现交通拥堵事件。该路段为多车道高架道路，双向通行，中间设有隔音屏障。视频显示，从05:49:09开始，道路右侧车道车辆行驶缓慢，车流密集，多辆轿车、货车及厢式运输车依次排队缓行，部分车辆处于低速移动状态，持续时间约1分钟且无明显缓解趋势。涉事车辆包括白色轿车、黑色轿车、红色货车、蓝色货车、白色厢式货车以及多辆小型客车，均在正常车道内行驶，未见异常停车、事故或施工迹象。由于车流量大且道路空间有限，导致通行效率下降，后方车辆被迫减速并频繁变道，形成典型的拥堵现象。此拥堵发生在早高峰时段，对区域交通造成一定影响，但未引发严重交通事故或严重阻塞。异常特征表现为车辆间距缩小、行驶速度显著降低，符合拥堵判断标准中的多辆车缓慢移动、排队长度超过正常范围且持续无缓解趋势的特征。
889,5742,异常停车_20240613141826_突发事件_35701533.mp4,异常停车,多车事故,2024年6月13日14时18分，位于S20外环高速西向车道发生一起多车事故，监控画面显示，一辆白色轿车与前方黑色轿车发生追尾事故。事故发生后，驾驶员下车查看情况，后方车辆被迫减速绕行，导致该路段交通流明显受阻，车辆排队长度持续增加，形成拥堵现象。事故现场未见明显抛洒物或施工迹象，但车辆碰撞痕迹及位置信息明确，反映出典型多车追尾事故特征。
893,5746,拥堵_20231125075233_突发事件_35152139.mp4,拥堵,异常停车,2023年11月25日08时52分至08时53分，外环高速京沪立交南段（G6263），一辆红色货车在右侧应急车道内长时间静止不动，车辆未开启双闪灯，驾驶员下车活动后驶离。该车位于道路最外侧车道，后方车辆被迫减速绕行，造成短时交通拥堵。该异常停车行为持续约一分钟，期间无其他车辆发生碰撞或人员下车处理，但已明显影响应急车道的正常使用，存在安全隐患。
895,5748,多车事故_20231208103800_突发事件_35204601.mp4,多车事故,拥堵,2023年12月8日10时32分至10时33分，武宁路快速化桥北线北向车道发生拥堵事件。视频显示，该路段为隧道内，路面湿滑，车辆行驶缓慢，多辆小轿车、出租车及一辆大型客车在车道内排队缓行，车距明显缩短，部分车辆刹车灯持续亮起，表明车速极低或处于停滞状态。涉事车辆包括白色轿车、红色轿车、白色面包车及一辆白色大巴车，均正常行驶但受前方拥堵影响无法提速。拥堵区域位于隧道入口附近，后方车辆因前方车流积压导致通行效率下降，形成持续性缓行状态。未见异常停车、施工设施、抛洒物或事故迹象，也无二轮车辆闯入情况，整体交通秩序受阻，但未发生碰撞或紧急避让行为，属于典型因车流量大引发的拥堵事件。
900,5753,异常停车_20240624173027_突发事件_35722446.mp4,异常停车,多车事故,2024年6月24日17:30至17:31，在外环高速仙霞路南（外）路段，发生了一起多车事故。涉事车辆包括一辆蓝色SUV和一辆白色轿车。事故导致该车道上的车辆被迫停下，交通一度陷入停滞状态，后方车辆被迫绕行或长时间等待，现场秩序混乱。异常特征表现为车辆位置异常，多辆车横跨车道且有明显的碰撞痕迹，部分驾驶员下车查看情况，其他车辆紧急避让或停滞不前，严重影响了该路段的正常通行。
904,5757,二轮车辆闯入_20230722020946_突发事件_33394099.mp4,二轮车辆闯入,多车事故,2023年7月22日02:09:45至02:10:04期间，外环高速莘庄立交北段发生一起多车事故。事故发生在夜间，道路照明良好，路面湿滑。涉事车辆包括一辆白色厢式货车、一辆黑色轿车，其中白色厢式货车在中间车道停车双闪，右侧车道黑色车辆与后方红色货车发生追尾，导致后方车辆紧急刹车并出现拥堵现象。现场未见明显人员下车交涉或交警到场，但事故造成该路段通行受阻，后方车辆排队缓慢行驶，影响了正常交通流。异常特征表现为多车碰撞痕迹、车辆位置异常及持续的行驶中断，符合多车事故的典型特征。
905,5758,多车事故_20240625070853_突发事件_35722808.mp4,多车事故,拥堵,2024年6月25日星期二早上7点07分至7点08分，在一条多车道高速公路上发生了一起拥堵交通事件。视频显示，该路段有多辆车缓慢移动或完全停止，排队车辆长度超过正常范围，且持续一段时间无缓解趋势，尤其是在道路的瓶颈区域。涉事车辆包括多种类型，如轿车、SUV、货车和客车，它们在车道上密集排列，导致交通流严重受阻。异常特征表现为车辆尾灯亮起，表明驾驶员正在减速或停车等待，整体车流速度明显下降，呈现出典型的拥堵现象。此次拥堵发生在夜间，路面湿滑，进一步加剧了交通压力。
910,5763,多车事故_20240510091315_突发事件_35577380.mp4,多车事故,拥堵,2023年11月9日10时10分至10时11分，S20内至G60出省方向的高架道路出现交通拥堵事件。该路段位于通往杭州方向（G60）与浦东机场方向（S20）的交汇处附近，道路两侧有绿化带和指示牌，上方为跨线桥。视频显示，多辆小轿车、货车及厢式货车在车道上缓慢行驶或停滞，车流密集且持续时间较长，车辆间距明显缩小，部分车辆处于低速蠕动状态，未见明显事故或障碍物。涉事车辆包括白色、黑色、银色等多种颜色的私家车以及白色厢式货车、红色集装箱货车等，均在正常行驶过程中受阻。由于车流量大且通行速度极低，导致后方车辆排队长度逐渐增加，形成典型的拥堵现象。此拥堵发生在早高峰时段，影响了该路段的正常通行效率，对过往车辆造成不便。异常特征表现为车辆密集、行驶缓慢、无突发事故或施工迹象，符合典型拥堵判断标准。
911,5764,多车事故_20230805115000_突发事件_34430541.mp4,多车事故,抛洒物,2023年8月5日11时49分至11时50分，S20外2枪机1监控画面显示，在城市高架道路隧道内双向车道发生交通拥堵事件。隧道内右侧车道车辆行驶缓慢，多辆轿车和出租车排队缓行，车距明显缩短，刹车灯持续亮起，形成连续的红色光带，表明车辆处于低速或停滞状态。左侧车道车辆通行相对顺畅，未受影响。涉事车辆包括白色轿车、黑色轿车、黄色出租车及多辆小型客车，均在正常行驶中未见异常停车、事故或施工迹象。该拥堵发生在夜间，路面湿滑，车辆灯光反射强烈，影响驾驶员视线，但未造成严重追尾或碰撞。整体表现为典型的城市隧道内交通拥堵现象，无其他异常停车、施工或抛洒物等干扰因素。
914,5767,二轮车辆闯入_20230715122955_突发事件_1149658.mp4,二轮车辆闯入,异常停车,2023年7月15日12时29分53秒至12时30分52秒，外环高速丰翔路南段监控画面显示，一辆红色货车在道路右侧应急车道内长时间静止不动，车辆未开启双闪灯，驾驶员不在车内，且无明显故障迹象。该车停靠位置位于前方500米紧急停车带指示牌附近，周围无施工设施或警示标志，也未见警示锥桶。该行为违反高速公路正常行驶规定，属于异常停车，存在安全隐患，影响道路通行效率。
918,5771,异常停车_20230720152542_突发事件_33390529.mp4,异常停车,拥堵,2023年7月20日15时25分至15时26分，嘉闵高架西侧路段发生一起多车事故。事故发生在隧道内靠近出口匝道区域，涉事车辆为二辆小轿车，其中一辆黑色轿车与前方白色车辆发生追尾，随后引发连锁反应，导致后方多辆汽车紧急刹车或变道避让，部分车辆出现紧急停滞或缓慢通行情况。事故现场有人员下车交涉，但后方车辆明显出现拥堵和通行受阻现象，影响了隧道内整体交通流速。异常特征表现为车辆位置异常（横跨车道、斜停）、后方车辆紧急避让行为以及持续的交通停滞状态。
920,5773,占道施工_20230918000802_运行安全_34814089.mp4,占道施工,拥堵,2023年9月18日00:07:58至00:08:05期间，外环高速沪嘉地道2（外）路段夜间出现占道施工交通事件。现场可见两名身穿反光背心的施工人员在道路左侧车道内作业，周围设置多个红白相间的交通锥桶，形成临时隔离区域，占用部分行车道。施工区域前方有一辆大型工程车辆停靠，车顶警示灯持续闪烁，提示过往车辆注意避让。施工区域前方设有“前方施工”提示牌及限速40公里/小时标志，表明正在进行道路维护或施工活动。该施工行为导致部分车道被封闭，车辆需减速并变道通行，影响了正常交通流，存在潜在安全隐患。整体画面为夜间湿滑路面环境，光线较暗，施工区域灯光反射明显，但未见明显拥堵或事故现象。
930,5783,占道施工_20240603222932_运行安全_35669286.mp4,占道施工,拥堵,2024年6月3日22时29分至22时30分，外环高速龙吴路路段夜间发生占道施工交通事件。现场可见一辆黄色工程车停靠在右侧车道，车顶警示灯闪烁，车身周围设置有反光锥桶，形成临时施工区域。一名身穿反光背心的工作人员在车辆附近活动，进行作业或指挥交通。该施工区域占用了一条行车道，导致过往车辆需减速并变道绕行，影响了道路通行效率。施工区域设有明显的警示标志和灯光提示，符合占道施工标准，但未见其他异常停车、事故或抛洒物等情况。整体交通流保持有序，但存在局部拥堵风险。
937,5790,占道施工_20240126225433_运行安全_35340561.mp4,占道施工,拥堵,2024年1月26日22时54分至22时55分，在G60市区方向至S20外的路段上，发生了一起占道施工交通事件。现场有多名施工人员穿着反光背心在车道上进行作业，他们使用锥桶和围栏对部分车道进行了封闭，导致车道数量减少，车辆需变道或减速通行。施工区域设有警示牌和闪烁警示灯，以提醒过往车辆注意避让。受此影响，该路段的交通流量有所减缓，但未出现严重拥堵现象。异常特征包括施工人员在夜间进行道路作业，且施工区域布置规范，确保了行车安全与道路通行效率。
941,5794,异常停车_20230720194452_突发事件_33391753.mp4,异常停车,拥堵,2023年7月20日19时44分至19时45分，外环高速吴淞江桥南路段出现交通拥堵事件。该路段为夜间双向多车道高速公路，道路两侧绿化带清晰，照明良好。视频显示，从19:44:00开始，右侧车道车辆行驶缓慢，车流密集，多辆轿车、货车及厢式运输车在车道内依次排队缓行，车距明显缩短，部分车辆刹车灯持续亮起，表明车速显著降低。拥堵区域持续约1分钟，未见明显事故或障碍物，但车流密度极高，导致通行效率下降。左侧对向车道车流相对正常，无明显异常。拥堵可能由前方交通瓶颈或突发性车流集中引发，影响范围覆盖多个车道，持续时间超过一分钟，符合拥堵判断标准。
943,5796,二轮车辆闯入_20230722133457_突发事件_33394578.mp4,二轮车辆闯入,多车事故,2023年7月22日13时34分54秒至13时35分23秒，外环高速莘庄立交北段发生一起多车事故。事故发生在高速公路主车道上，涉事车辆包括一辆红色轿车、一辆白色SUV及多辆周边车辆，其中红色轿车与白色SUV发生碰撞后停在行车道内，车辆位置异常，横跨部分车道，导致后方车辆被迫减速或绕行。事故发生后，一名身穿红色上衣及蓝色牛仔裤的驾驶员从红色轿车中下车并沿护栏行走，疑似查看情况。事故造成该路段交通拥堵，车辆行驶缓慢，后方车辆排队缓慢通行，影响范围较大，持续时间较长。异常特征表现为多车碰撞痕迹明显，车辆位置异常，且无明显施工或抛洒物等其他干扰因素，符合多车事故判断标准。
945,5798,占道施工_20240311230951_运行安全_35401911.mp4,占道施工,拥堵,2024年03月11日23:09至23:10，在北环高速同济路立交南枪机2处，发生了一起占道施工交通事件。视频中可以看到，车道被多个锥桶和施工设施遮挡，施工人员穿着反光背心在进行作业，导致车道数量减少，车辆需变道或减速行驶。涉事车辆包括施工车辆和途经的各类社会车辆，施工区域设有警示牌和闪烁警示灯，以提醒过往车辆注意避让。此次占道施工对交通流产生了一定影响，车辆被迫减速或绕行，但未造成严重的交通拥堵。异常特征包括明显的施工标志、施工人员的操作以及车辆被迫改变行驶路线。
948,5801,占道施工_20240514233521_运行安全_35590520.mp4,占道施工,拥堵,2024年5月14日23时35分至23时36分，在G60市区方向至S4金山方向的高架道路上，发生了一起占道施工交通事件。现场有多辆工程车辆和施工人员进行作业，施工人员穿着反光背心，操作设备，车道被多个锥桶遮挡，导致车道数量减少，车辆需变道或减速通行。施工区域设有警示牌和闪烁警示灯，以提醒过往车辆注意避让。此次施工对道路交通造成了一定影响，但未引发严重拥堵或事故，整体秩序较为有序。异常特征包括施工设施占据部分车道、施工人员现场作业以及车辆被迫绕行或减速。
949,5802,异常停车_20240516174603_突发事件_35597932.mp4,异常停车,拥堵,2024年5月16日17时46分，在嘉闵西侧定焦14路段，发生了一起多车事故。涉事车辆包括一辆白色SUV和一辆灰色轿车，这些车辆在行驶过程中发生了碰撞，导致车辆位置异常，其中白色SUV斜停在车道上，灰色轿车紧随其后。事故现场有人员下车交涉，其他车辆被迫紧急避让或停滞，交通秩序受到严重影响，后续车辆出现缓慢移动的情况，形成了短暂的拥堵现象。此次事故的异常特征在于多辆车同时发生碰撞，且事故地点位于高速公路的弯道区域，增加了救援和疏导的难度。
952,5805,拥堵_20230906175121_突发事件_34726731.mp4,拥堵,多车事故,多车事故
954,5807,拥堵_20240131071122_突发事件_35347340.mp4,拥堵,抛洒物,2024年1月31日早上7点11分至7点12分，嘉闵高架西侧定焦04监控点位显示，元江路方向500米处隧道内出现持续性交通拥堵。现场多辆机动车在隧道内缓慢行驶或完全停滞，车辆排成长队，车距极短，尾灯连成一片，表明通行速度极低。涉事车辆包括多辆轿车、SUV及一辆大型货车，其中一辆白色面包车和一辆黑色SUV在车流中较为显眼，但未见明显事故或异常停车情况。由于车流密集且持续时间较长，导致后方车辆被迫减速并频繁变道，整体交通流呈现明显滞缓状态，符合拥堵判断标准中的多辆车缓慢移动、排队长度超常、发生在瓶颈区域等特征。此事件未发现占道施工、抛洒物或交通事故等其他异常情况，主要异常特征为长时间、大面积的车辆缓行与排队现象。
955,5808,二轮车辆闯入_20230715114611_突发事件_1149523.mp4,二轮车辆闯入,拥堵,2023年7月21日11时46分至11时47分，外环高速武威路南（内）路段出现拥堵交通事件。该路段为多车道高速公路，车流密集，车辆以缓慢速度行驶，部分车辆处于停滞状态，排队长度持续增加，影响通行效率。涉事车辆包括多辆轿车、货车及厢式货车，其中红色和蓝色货车较为显著，车辆在多个车道内缓慢移动或完全停止，导致后方车辆被迫减速或绕行。现场未见明显事故或障碍物，但车流密度高且持续时间较长，符合拥堵判断标准。异常特征表现为车辆行驶速度显著降低，车道内车辆间距缩小，整体通行不畅，无施工迹象。
958,5811,异常停车_20240606094752_突发事件_35678830.mp4,异常停车,多车事故,多车事故
961,5814,拥堵_20231221170107_突发事件_35250112.mp4,拥堵,抛洒物,2023年12月21日12时50分至12时51分，外环高速龙吴路路段出现严重交通拥堵事件。该路段为双向多车道高速公路，右侧方向车流密集，车辆行驶缓慢，部分车辆处于停滞状态，排队长度持续延伸，影响通行效率。涉事车辆包括大量轿车、货车及厢式运输车，其中红色集装箱货车、白色厢式货车和黄色出租车等车辆在车流中穿行，未见明显事故或障碍物。左侧对向车道车流相对顺畅，未受影响。拥堵主要集中在右侧车道，车辆间距明显缩小，尾灯连成一片，表明车辆处于低速行驶或短暂停滞状态。异常特征表现为长时间、大范围的车辆缓行，无明显施工、事故或抛洒物迹象，推测为高峰时段车流量过大所致。
963,5816,异常停车_20240621173742_突发事件_35717654.mp4,异常停车,多车事故,2024年6月21日17时42分，位于高速公路右侧车道旁，一辆红色货车长时间停靠在应急车道上，车辆开启双闪灯，驾驶员下车活动后驶离。
964,5817,异常停车_20240625162024_突发事件_35724814.mp4,异常停车,多车事故,多车事故
968,5821,占道施工_20230801003222_运行安全_33411652.mp4,占道施工,抛洒物,2023年8月1日00:52至00:53期间，在一条夜间城市高架道路上，一辆黄色工程车停靠在右侧车道，车顶警示灯闪烁，车辆后方及周围设置了一排红白相间的交通锥桶，形成临时隔离带，表明该区域正在进行占道施工。施工区域位于道路右侧靠近护栏一侧，导致该车道被部分封闭，过往车辆需绕行或减速通过。现场可见施工人员穿着反光背心在锥桶旁进行作业，进一步确认了占道施工行为。该施工行为对交通流造成一定影响，车辆在经过该区域时明显减速并变道，但未出现严重拥堵或事故。整体来看，此次占道施工属于常规维护或道路施工行为，未见异常停车、事故或抛洒物等其他交通异常情况。
973,5826,异常停车_20230715182834_突发事件_1150826.mp4,异常停车,抛洒物,2023年7月15日18时28分至18时29分，北环高速富锦路路段道路上有不明物体，该异物位于右侧车道区域，未见明显车辆碰撞或紧急避让行为，但存在潜在安全隐患。由于天气阴沉、路面湿滑，抛洒物可能影响后续车辆行驶安全，构成交通安全隐患。
977,5830,拥堵_20230902175741_突发事件_34704998.mp4,拥堵,多车事故,多车事故
978,5831,异常停车_20240516183339_突发事件_35598193.mp4,异常停车,拥堵,2024年5月16日18时33分至18时34分，嘉闵西侧定焦04监控点位拍摄到隧道内发生交通拥堵事件。事发地点位于元江路入口附近，道路为双向多车道设计，右侧为隔音墙，左侧为隔离护栏。视频显示，自18:33:30起，隧道内车辆行驶速度明显下降，车流缓慢移动，多辆轿车、SUV及一辆白色面包车依次排队缓行，未见完全停止，但整体通行效率显著降低。车辆包括白色、黑色、红色、绿色等多种颜色的小型轿车及SUV，均处于正常行驶状态，未发现异常停车、事故或施工迹象。由于车流密集且持续时间较长，后方车辆被迫减速并保持短距离跟车，形成典型的拥堵现象，影响了该路段的正常通行秩序。
980,5833,异常停车_20240508133827_突发事件_35570359.mp4,异常停车,多车事故,多车事故
981,5834,异常停车_20240517125829_突发事件_35600798.mp4,异常停车,多车事故,2024年05月17日星期五12:58至12:59期间，在某城市高架桥路段，右侧车道发生一起多车事故。涉事车辆包括一辆黑色轿车和一辆蓝色轿车，两车发生碰撞事故，其中黑色轿车斜停于行车道内，导致后方车辆被迫减速避让，造成交通流受阻。事故发生后，一名身穿浅色衣物的人员从蓝色轿车中下车并在车旁停留，查看情况，疑似查看伤者或处理事故。事故区域无明显抛洒物或施工设施，但车辆碰撞痕迹明显，且事故车辆占用行车道，影响正常通行秩序，符合多车事故的典型特征。
989,5842,二轮车辆闯入_20230720190132_突发事件_33391626.mp4,二轮车辆闯入,多车事故,多车事故
993,5846,拥堵_20230815081329_突发事件_34581862.mp4,拥堵,多车事故,2023年08月30日星期一08:59至09:00期间，在城市快速路南向车道处发生一起多车事故。涉事车辆包括一辆白色轿车及多辆相邻车辆。视频显示，白色轿车与前方车辆发生追尾碰撞，导致车辆位置异常，部分车辆横跨车道并存在明显碰撞痕迹。事故现场有人员下车交涉，但后方车辆因避让或减速造成拥堵，影响了整体交通流。异常特征表现为多辆车出现急刹、变道行为，且事故车辆占用行车道，导致后方车辆被迫绕行或减速，形成交通拥堵。该事件符合多车事故判断标准，表现为两辆及以上车辆碰撞痕迹、车辆位置异常及交通秩序紊乱。
997,5850,拥堵_20231223100227_突发事件_35254208.mp4,拥堵,抛洒物,2023年12月23日08时35分至08时36分，外环高速沪嘉地道2（外）路段出现交通拥堵事件。该路段位于曹安公路出口3公里处，监控画面显示多车道内车辆行驶缓慢，车流密集且持续排队，车辆间距明显缩小，部分车辆处于低速移动或短暂停滞状态，未见明显事故或障碍物。涉事车辆包括各类轿车、货车、厢式货车及大型运输车，如红色集装箱货车、绿色工程车、白色厢式货车等，均在正常车道内行驶，未发生碰撞或停车行为。拥堵主要集中在画面左侧车道，车辆排成长队，影响通行效率，但未出现紧急避让、人员下车或施工设施等情况。整体表现为典型的城市快速路高峰时段拥堵现象，无异常停车、占道施工、二轮闯入或抛洒物等其他异常情况。
1000,5853,拥堵_20231008165423_突发事件_34907088.mp4,拥堵,抛洒物,2023年10月16日08时54分，外环高速沪太立交东段出现严重交通拥堵，多车道车辆缓慢行驶或完全停滞，车流密集且持续时间较长，未见明显缓解趋势。涉事车辆包括大量轿车、货车及厢式运输车，其中部分大型货车占据车道，导致通行能力下降。车辆在多个车道内排成长队，尾灯持续亮起，表明车辆处于低速或停滞状态。道路两侧为隔音屏障，右侧有绿化带，左侧为封闭式道路，整体通行效率显著下降，符合拥堵判断标准中“多辆车缓慢移动或完全停止”、“排队车辆长度超过正常范围”、“发生在瓶颈区域”的特征，且无施工、事故或抛洒物等其他干扰因素。
1003,5856,二轮车辆闯入_20230718110519_突发事件_1960391.mp4,二轮车辆闯入,异常停车,2023年7月18日11时05分，外环高速武威路南（内）路段发生交通拥堵事件，现场多辆小客车、货车及厢式货车在多个车道内缓慢行驶或停滞，车辆间距明显缩小，车流密度显著增加，部分车辆在车道间频繁变道，导致通行效率下降。该路段为双向多车道高速公路，右侧方向车流密集，左侧方向车流相对顺畅但受阻，整体呈现典型早高峰时段因车流量过大引发的拥堵现象，未见明显事故、施工或异常停车情况，但因车流密集导致通行不畅，影响正常交通秩序。
1007,5860,多车事故_20240613090315_突发事件_35700753.mp4,多车事故,拥堵,2024年06月13日09:03:10至09:04:08，在某高速公路路段，发生了一起多车事故。涉事车辆包括一辆白色面包车和一辆白色轿车，这些车辆在行驶过程中发生了碰撞，导致车辆位置异常，其中白色面包车斜停于车道中，白色轿车则紧随其后。事故现场有人员下车交涉，其中一名人员站在事故车辆旁，另一名人员在后方车辆旁指挥或查看情况。此次事故导致后方车辆被迫减速或绕行，交通流量受到影响，形成了短暂的拥堵现象。异常特征表现为事故车辆位置异常，且有多辆车紧急避让或停滞，其他车辆被迫进入主干道，影响了正常交通秩序。
1015,5868,异常停车_20230722172046_突发事件_33394839.mp4,异常停车,多车事故,2023年7月22日17时20分43秒，在外环高速仙霞路（内）路段，一辆白色面包车与前方轿车发生追尾碰撞，导致两车停在行车道上，驾驶员下车查看情况，后方车辆被迫减速绕行，造成短时拥堵。该事件持续约1分钟，期间有其他车辆从两侧车道缓慢通过，未见明显抛洒物或人员下车交涉，但事故车辆占用车道影响通行秩序，符合多车事故的判定特征。
1018,5871,二轮车辆闯入_20230722131929_突发事件_33394550.mp4,二轮车辆闯入,拥堵,2023年7月22日14时22分，外环高速老沪闵路东（内）路段出现交通拥堵事件，现场多辆汽车在行车道上缓慢行驶或处于停滞状态，车辆排成长队，持续时间较长且无缓解趋势。涉事车辆包括轿车、货车、客车及出租车等，其中红色货车和黄色出租车较为显眼。车辆均正常行驶，未见异常停车、事故或占道施工迹象，但因车流量大且通行速度显著降低，导致整体通行效率下降，形成典型拥堵现象。该路段为城市快速路，两侧有绿化带和隔音屏障，无施工围挡或抛洒物，亦无二轮车辆闯入情况，推测拥堵可能由前方交通瓶颈或流量集中引起。
1024,5877,二轮车辆闯入_20230719074347_突发事件_1965676.mp4,二轮车辆闯入,多车事故,多车事故
1028,5881,二轮车辆闯入_20230718094247_突发事件_1959789.mp4,二轮车辆闯入,拥堵,2023年7月18日星期二上午9时42分至9时43分，北环高速同济路立交南段出现交通拥堵事件。该路段为多车道高速公路，车流密集，主要由轿车、货车及客车组成，其中包含一辆白色厢式货车、一辆黄色厢式货车、一辆红色货车和一辆蓝色货车。视频显示，车辆在多个车道上缓慢行驶，部分车辆间距极小，整体车速明显降低，形成持续性缓行状态，未见明显的事故或障碍物导致停车，但交通流呈现持续性拥堵特征，影响了道路通行效率。该拥堵发生在立交桥附近区域，可能与前方交通信号或匝道汇入车流有关，但未发现异常停车、施工、抛洒物或二轮车辆闯入等情况，整体表现为典型的城市早高峰拥堵现象。
1036,5889,异常停车_20230717114310_突发事件_1156526.mp4,异常停车,抛洒物,2023年7月17日星期一11时43分00秒，在城市快速路路段，道路右侧车道出现白色异物（疑似货物包装材料），该异物位于车道中央，尺寸较大，足以影响车辆正常通行。随后多辆货车、轿车及面包车依次经过该异物，部分车辆因避让而急刹或变道，存在安全隐患。未见涉事车辆停留或倒车行为，整体交通流保持正常行驶，但存在因抛洒物导致的突发事故风险，因此认定为典型抛洒物交通事件。
1038,5891,二轮车辆闯入_20230720203944_突发事件_33391949.mp4,二轮车辆闯入,异常停车,2023年7月20日20时39分42秒，在S20内至沪闵高架桥1号监控点位，不存在二轮车辆闯入交通异常事件。2023年7月20日20时40分01秒，一辆蓝色轿车在高架桥下弯道处驶入主路，其行为属于二轮车辆闯入交通事件，但该车未出现变道或加速行为，未对主路正常行驶车辆造成明显影响，因此不属于典型异常停车或事故。
1039,5892,占道施工_20230816231146_运行安全_34592023.mp4,占道施工,拥堵,2023年8月16日23时11分至23时12分，S20外环线至S4金山方向的高架路段发生占道施工交通事件。现场可见多辆车辆在夜间行驶，道路右侧车道被一排红白相间的交通锥桶封闭，形成临时隔离带，锥桶前方设有警示灯和反光标识，提示车辆注意避让。施工区域未见明显施工人员或工程车辆，但车道数量减少，导致车辆需变道行驶，通行效率降低。该施工区域持续影响车辆正常通行，存在潜在拥堵风险，且无其他异常行为发生。
1043,5896,异常停车_20240529142254_突发事件_35650436.mp4,异常停车,多车事故,2024年5月29日14时32分04秒至14时33分02秒，外环高速丰翔路南段监控画面显示，一辆白色轿车在右侧应急车道内长时间静止不动，车辆未开启双闪灯，驾驶员下车活动，周围无明显故障迹象，该行为违反了高速公路非紧急情况下不得停车的规定，存在安全隐患。
1045,5898,二轮车辆闯入_20230721194857_突发事件_33393954.mp4,二轮车辆闯入,拥堵,2023年7月21日19时48分至19时49分，嘉闵高架路东柴塘北路入口处发生交通拥堵事件。该路段为多车道高架道路，夜间照明良好，路面湿滑。视频显示，从19:48:52开始，车辆在主车道上缓慢行驶，车流密集，车距明显缩短，车辆尾灯连成一片红色光带，表明车速极低或处于停滞状态。车辆包括轿车、SUV及部分货车，均在正常行驶车道内排队前行，未见异常停车、事故或施工迹象。由于车流量大且通行速度受限，导致后方车辆被迫减速并保持短距离跟车，形成持续性拥堵。此拥堵影响了该路段的正常通行效率，尤其在19:49:02左右，拥堵程度加剧，车辆排队长达数百米，且无明显缓解趋势。整体异常特征表现为长时间、大范围的交通流停滞，符合典型拥堵判断标准。
1046,5899,占道施工_20240617221424_运行安全_35710693.mp4,占道施工,拥堵,2024年06月17日星期一22:14至22:15期间，在某高速公路路段，发生了一起占道施工交通事件。现场可见多辆工程车辆和施工人员在车道上进行作业，施工区域被多个橙色锥桶围挡，导致车道数量减少，车辆需变道或减速通行。施工人员穿着反光背心，操作设备，施工区域设有警示牌和闪烁警示灯，以提醒过往车辆注意避让。此次施工影响了该路段的正常交通秩序，导致部分车辆被迫减速或绕行，但未造成严重拥堵。异常特征包括施工设施遮挡部分车道、施工人员现场作业以及明显的警示标志和灯光提示。
1048,5901,占道施工_20240518000843_运行安全_35602490.mp4,占道施工,拥堵,2024年5月18日00:08:40至00:09:38期间，外环高速吴淞江桥路段夜间出现占道施工交通事件。现场可见多辆工程车辆停靠在道路右侧车道，包括一辆黄色工程车和一辆蓝色大型货车，车辆后方设置有连续排列的交通锥桶，形成临时隔离带，占用部分行车道。一名身穿反光背心的施工人员在车道内行走并指挥交通，同时另一名工作人员在护栏边进行作业。施工区域设有警示灯和反光标识，车辆需减速绕行通过。该施工行为导致右侧车道通行空间受限，车辆行驶速度减缓，但未造成严重拥堵或事故，整体交通秩序保持稳定。异常特征为：车道被施工设施围挡、施工人员在场作业、警示灯闪烁、车辆有序绕行。
1049,5902,异常停车_20240517175500_突发事件_35602132.mp4,异常停车,拥堵,2024年5月17日17时54分至17时55分，外环高速漕宝入口匝道（外）路段出现严重交通拥堵。该路段为多车道高速公路，车流密集，车辆以缓慢速度行驶，部分车辆处于停滞状态，排队长度持续延伸，影响通行效率。涉事车辆包括大量轿车、货车、客车及大型运输车辆，其中红色集装箱货车、蓝色集装箱货车、白色厢式货车和黄色工程车等在画面中较为明显。车辆在多个车道内缓慢移动或完全停止，未见明显事故或障碍物，但整体车流密度极高，导致后方车辆被迫减速并频繁变道，存在潜在安全隐患。拥堵主要集中在靠近入口匝道区域，且持续时间较长，未见缓解趋势，符合典型高峰时段或匝道汇入流量大的拥堵特征。
1052,5905,异常停车_20230717203219_突发事件_1956437.mp4,异常停车,二轮车辆闯入,2023年7月17日20时32分至20时33分，外环高速丰翔路路段夜间监控画面显示，一辆二轮车辆（疑似摩托车或电动车）从右侧辅路驶入主车道，进入高速公路行车区域。该二轮车辆在车流中穿行，未见明显佩戴头盔，且无专用二轮车道或明显禁止标志，其行为属于闯入禁止通行区域。该行为导致后方多辆汽车紧急避让，部分车辆刹车灯亮起，存在较大安全隐患。该事件符合二轮车辆闯入交通异常特征，对道路安全构成威胁。
1057,5910,占道施工_20240324002036_运行安全_35435229.mp4,占道施工,拥堵,2024年3月24日00:20:33至00:21:32，在嘉闵西金沙江西路入的高速公路上，发生了占道施工交通事件。现场可见施工车辆和施工人员，施工区域被锥桶和围栏遮挡，施工人员穿着反光背心，操作设备进行作业。由于施工占用部分车道，导致车道数量减少，过往车辆需变道或减速行驶，对交通流产生了一定影响。异常特征包括施工区域设有警示牌和闪烁警示灯，确保过往车辆能够及时注意到施工情况并采取相应措施。整体来看，此次占道施工事件对道路交通造成了一定的影响，但未引发严重拥堵或事故。
1069,5922,占道施工_20240419021307_运行安全_35498642.mp4,占道施工,拥堵,2024年4月2日19时13分，外环高速吴中入口匝道（内）路段发生占道施工交通事件。现场可见多辆工程车辆停靠在右侧车道，包括一辆黄色工程车和一辆白色货车，周围设置有多个红白相间的交通锥桶，形成临时隔离区域。施工人员身穿反光背心，在车道内活动，部分人员手持工具进行作业。该施工区域导致右侧车道被占用，车辆需绕行至左侧车道通行，造成局部车流减速和变道，但整体交通未出现严重拥堵。施工区域设有警示标志和灯光提示，符合规范要求，但存在一定的交通干扰。
1071,5924,拥堵_20231212163722_突发事件_35216074.mp4,拥堵,异常停车,2023年12月12日13时37分至13时38分，外环高速曹安路北段出现严重交通拥堵事件。该路段为多车道高速公路，双向车流密集，其中南向车道车辆排成长队，行驶缓慢，多辆轿车、货车及厢式运输车在车道内缓慢移动或完全停止，车距极短，尾灯持续亮起，表明车辆处于低速或停滞状态。涉事车辆包括各类私家车、厢式货车、集装箱运输车以及一辆红色集装箱货车和一辆白色厢式货车，均在正常行驶过程中因前方拥堵而被迫减速或停车。现场未见明显事故、施工或抛洒物迹象，也无异常停车或二轮车辆闯入情况。拥堵主要集中在道路中段，影响范围较长，导致通行效率显著下降，车辆排队长度超过百米，持续时间超过一分钟，符合典型拥堵特征。该事件主要由车流量大引发，未发生突发性异常停车或事故，但对日常通勤造成较大延误。
1073,5926,拥堵_20231218083201_突发事件_35238383.mp4,拥堵,异常停车,2023年12月10日08时34分，外环高速锦秋路北段发生一起异常停车事件。一辆白色厢式货车在右侧应急车道内完全静止，驾驶员下车查看情况，车辆后方无明显警示标志，存在较大安全隐患。该车停靠位置位于行车道与应急车道之间，导致后方多辆汽车被迫减速绕行，形成短暂拥堵。现场天气为雨天，路面湿滑，能见度较低，进一步加剧了交通风险。该行为符合异常停车判断标准，存在交通安全隐患。
1074,5927,占道施工_20231102225532_运行安全_35038387.mp4,占道施工,拥堵,2023年11月2日22时55分至22时56分，外环高速仙霞路（内）路段发生占道施工交通事件。现场可见一辆黄色工程车停靠在右侧车道，车后方设置多个橙白相间的交通锥桶，形成临时隔离带，占用部分行车道。一名身穿反光背心的工作人员在工程车旁进行作业，车辆缓慢通行。该施工区域导致右侧车道通行能力下降，后方车辆需减速并变道绕行，造成局部交通流减缓。施工区域设有警示灯和指示牌，提示前方施工，但未见明显施工机械或围挡设施。整体交通秩序尚可维持，但存在潜在拥堵风险。
1078,5931,二轮车辆闯入_20230719185502_突发事件_5963897.mp4,二轮车辆闯入,多车事故,多车事故
1079,5932,拥堵_20230810131306_突发事件_34557690.mp4,拥堵,二轮车辆闯入,2023年8月10日13时13分至13时14分，沪宁转外环外圈路段出现交通拥堵事件。该路段为双向两车道的高架桥，两侧有绿化带和护栏，道路呈弯曲状。视频显示，多辆机动车在该路段缓慢行驶或处于停滞状态，包括黑色轿车、白色面包车、白色厢式货车及一辆大型白色SUV等，车辆排成长队，车距明显缩短，部分车辆在变道过程中出现轻微急刹行为。拥堵主要集中在画面右侧车道，车辆持续缓慢移动，未见明显事故或障碍物，但整体通行效率显著下降，后方车辆被迫减速并保持安全距离，形成典型的缓行拥堵现象。该拥堵发生在非高峰时段，无施工迹象，也未发现异常停车、抛洒物或二轮车辆闯入等情况，推测为早高峰时段车流量过大所致。
1084,5937,占道施工_20240509231421_运行安全_35575677.mp4,占道施工,拥堵,2024年5月29日23时14分至23时15分，在外环高速吴中路路段，发生了一起占道施工交通事件。现场可见多辆工程车辆和施工人员在进行作业，施工区域被多个锥桶围挡，部分车道被遮挡，导致车道数量减少，车辆需变道或减速通行。涉事车辆包括一辆大型货车、一辆工程车等，它们停在施工区域内，施工人员穿着反光背心进行操作。受此影响，过往车辆被迫减速或变更车道，交通流量明显受到影响，但未出现严重拥堵情况。异常特征包括施工设施遮挡车道、施工人员在夜间作业以及车辆需变道或减速等行为。
1085,5938,异常停车_20240524162108_突发事件_35632549.mp4,异常停车,多车事故,多车事故
1086,5939,异常停车_20240529075343_突发事件_35649032.mp4,异常停车,多车事故,2024年05月29日07:56:25至07:57:34，在某高速公路路段，发生了一起多车事故。涉事车辆包括一辆白色SUV和一辆褐色面包车，其中白色SUV停在右侧车道上，后方有车辆因避让或事故而紧急刹车或变道。事故现场有人员下车查看情况，且有交警到场处理。车辆位置异常，表现为白色SUV横跨车道，影响了其他车辆的正常行驶，且未见明显施工或抛洒物等其他干扰因素，因此判定为典型的多车事故，涉及两辆以上车辆及多辆后车。事故造成该路段通行效率下降，车辆排队长度逐渐增加，但未引发严重交通阻塞。
1088,5941,异常停车_20240604023703_突发事件_35669297.mp4,异常停车,多车事故,多车事故
1091,5944,异常停车_20240529175435_突发事件_35651400.mp4,异常停车,多车事故,多车事故
1095,5948,异常停车_20240617205704_突发事件_35710685.mp4,异常停车,多车事故,2024年6月17日20时57分，外环高速吴淞江桥南路段发生一起多车事故。事故发生在夜间，监控画面显示一辆白色轿车与前方货车发生追尾，涉事车辆均处于碰撞后停在行车道上，部分车辆位置异常，驾驶员下车查看情况。事故造成该车道交通拥堵，后方车辆被迫减速或变道绕行，现场未见明显人员下车交涉或交警到场处理，但可见后方车辆紧急刹车行为，交通秩序受到一定影响。整体判断为多车连环追尾事故，具备典型多车碰撞特征。
1097,5950,异常停车_20230722172928_突发事件_33394850.mp4,异常停车,多车事故,2023年7月22日17时29分25秒，在嘉闵西侧定焦05监控点位的隧道内，发生一起多车事故。事故发生在隧道中段，涉事车辆包括一辆黑色轿车和一辆银色轿车，两车在行驶过程中发生碰撞，导致车辆位置异常，其中黑色轿车斜停于行车道内，银色轿车紧随其后，碰撞后两车均有人员下车交涉。该事故导致后方车辆被迫减速或绕行，交通流出现短暂拥堵，且车道数量减少，影响了正常通行秩序。现场未见明显抛洒物或施工设施，但事故车辆异常停放是重要诱因，符合多车事故的典型特征。
1105,5958,占道施工_20240121002156_运行安全_35329945.mp4,占道施工,拥堵,2024年01月31日00:21:50至00:22:09，在外环高速富长路路段，发生了一起占道施工交通事件。现场有多辆工程车辆和施工人员进行作业，施工人员穿着反光背心并操作设备，车道被多个锥桶遮挡，导致车道数量减少，车辆需变道或减速通行。涉事车辆包括两辆黄色工程车，它们停在施工区域内，为施工服务。此次施工影响了该路段的正常交通秩序，过往车辆被迫减速或变更车道，但未造成严重的交通拥堵。异常特征包括施工区域设有警示牌和闪烁警示灯，以提醒驾驶员注意避让，确保行车安全。
1106,5959,占道施工_20231201002334_运行安全_35175521.mp4,占道施工,拥堵,2023年12月1日00:23:30至00:24:28期间，嘉闵西金沙江西路入口处发生占道施工交通事件。现场可见一辆工程作业车停靠在道路右侧车道，车顶警示灯闪烁，周围设置多排红白相间的交通锥桶，形成临时隔离带，占用部分行车道。两名身穿反光背心的施工人员在作业区域内活动，其中一人手持警示牌，另一人靠近锥桶进行布置。该施工区域导致右侧车道通行空间受限，过往车辆需减速绕行，影响了正常交通流。施工区域设有“交替通行”提示牌，表明为临时交通管制措施。整体画面显示施工区域秩序井然，未见明显拥堵或事故现象，但存在潜在安全隐患。
1111,5964,拥堵_20240227073701_突发事件_35376357.mp4,拥堵,异常停车,2024年6月7日13时36分59秒至13时37分59秒，位于城市高架道路南向车道，一辆白色轿车在最右侧车道完全静止，驾驶员下车后站在车旁，开启双闪灯，车辆长时间停靠在行车道内，导致后方车辆被迫减速绕行，影响正常交通秩序，符合异常停车特征。
1113,5966,异常停车_20240509105812_突发事件_35573597.mp4,异常停车,抛洒物,2024年5月9日10时58分至10时59分，G60市区方向至S4金山方向路段，监控画面显示多辆机动车在正常行驶过程中，最右侧应急车道内出现白色块状抛洒物，未影响道路交通通行。抛洒物位于路面中央偏左位置，尺寸较大，存在潜在安全隐患，虽未引发车辆避让或事故，但存在可能引发后方车辆驾驶人员采取紧急措施的迹象。现场无施工人员、警示标志或其他异常情况，仅此单一异物遗落在应急车道，符合抛洒物判断标准。
1115,5968,异常停车_20230717170422_突发事件_1356661.mp4,异常停车,二轮车辆闯入,2023年7月17日17时14分28秒左右，在外环高速龙吴路入口处，一辆二轮摩托车从右侧车道驶入主路，进入高速公路行车道，驾驶员身穿深色衣物，佩戴头盔，车辆有明显牌照。该摩托车在车流中穿行，与多辆小汽车并行，未见逆行或横穿行为，但其进入高速公路的行为属于非机动车闯入高速公路的危险行为。该路段为多车道高速公路，车流密集，且无专用二轮车道，该摩托车在车流中穿行，存在较大安全隐患，可能引发周边车辆紧急避让或碰撞，对道路安全构成威胁。该行为符合二轮车辆闯入交通异常事件特征，属于典型违规闯入行为。
1116,5969,异常停车_20240511101336_突发事件_35581084.mp4,异常停车,多车事故,2024年5月11日星期六10时13分至10时14分，位于城市高架道路的某路段发生一起多车事故。事故发生在双向车道中的南向车道，涉事车辆包括一辆白色轿车和一辆黑色轿车，视频中俩车在最右侧车道双闪停靠疑似发生追尾事故。事故发生后，现场有多辆车紧急避让或减速，造成该路段交通流受阻，通行效率下降。事故车辆未开启双闪灯，且驾驶员未见下车查看情况，进一步加剧了交通拥堵。后续车辆行驶速度明显降低，后方车辆被迫减速绕行，形成短暂拥堵。未见明显抛洒物或施工迹象，但事故车辆停车时间较长，影响了正常交通秩序，符合多车事故的典型特征。
1120,5973,二轮车辆闯入_20230715130251_突发事件_1149774.mp4,二轮车辆闯入,拥堵,2023年7月15日13时02分至13时03分，外环高速潭宝路北段出现交通拥堵事件。该路段为多车道高速公路，双向车流密集，其中南向北方向车辆行驶缓慢，车距明显缩短，多辆轿车、货车及大型运输车辆在车道内排队缓行，部分车辆处于低速移动或短暂停滞状态，未见明显事故或障碍物。涉事车辆包括红色集装箱货车、蓝色集装箱货车、白色厢式货车、黄色出租车及多辆小型轿车，均在正常行驶过程中因前方车流积压而减速。拥堵区域位于道路中段，影响范围较长，持续时间约一分钟，且无缓解趋势，符合拥堵判断标准中“多辆车缓慢移动或完全停止”、“排队车辆长度超过正常范围”、“持续一段时间且无缓解趋势”的特征。现场未发现异常停车、施工设施、二轮车辆闯入、抛洒物或交通事故等直接诱因，整体表现为典型高峰时段交通流量过大引发的拥堵现象。
1121,5974,异常停车_20240509221720_突发事件_35575664.mp4,异常停车,多车事故,多车事故
1125,5978,异常停车_20240621122051_突发事件_35716926.mp4,异常停车,多车事故,多车事故
1127,5980,异常停车_20230719071109_突发事件_1966981.mp4,异常停车,多车事故,多车事故
1136,5989,占道施工_20231029230911_运行安全_35016574.mp4,占道施工,拥堵,2023年10月29日23时09分至23时10分，外环高速顾戴路路段夜间出现占道施工交通事件。现场可见一辆黄色工程车缓慢行驶在左侧车道，车顶警示灯闪烁，车身周围摆放多个红白相间的交通锥桶，形成临时隔离带，占用部分行车道。该施工区域位于道路右侧车道，车辆需绕行或减速通过，导致车流缓慢通行。多辆货车、轿车及面包车依次通过该区域，部分车辆因避让施工区域而出现变道行为。施工区域未见明显施工人员或大型机械作业，但存在明显的施工警示标志和照明设备，符合占道施工特征。整体交通秩序虽未完全中断，但车速明显降低，存在潜在拥堵风险。
1139,5992,异常停车_20240624062942_突发事件_35720712.mp4,异常停车,拥堵,2024年6月24日星期一早上7点29分至7点30分，外环高速吴中路路段出现交通拥堵事件。该路段为双向多车道高速公路，路面湿滑，天气阴雨。视频显示，右侧车道车辆行驶缓慢，车流密集，多辆货车与轿车排成长队，包括红色集装箱货车、白色厢式货车、蓝色货车及多辆私家车，部分车辆刹车灯持续亮起，表明车速极低或处于缓行状态。左侧车道虽有车辆正常通行，但整体车流量较大，且无明显拥堵迹象。拥堵区域位于画面中段，持续时间约一分钟，影响范围覆盖多个车道，车辆排队长度超过百米，且无施工或事故迹象，推测为早高峰时段车流集中所致。异常特征表现为车辆间距缩小、行驶速度显著降低，符合典型拥堵判断标准。
1144,5997,异常停车_20240516034534_突发事件_35594548.mp4,异常停车,占道施工,2024年5月16日03:45至03:46期间，外环高速京沪立交（内）路段夜间出现占道施工交通事件。现场可见左侧车道被施工围挡遮挡，施工区域设有蓝色警示灯和反光标志，同时设置有“前方500m 交通标志”提示信息，表明该路段正在进行道路施工。施工区域内可见工程车辆及施工设备，部分车道被临时封闭，导致车辆需变道行驶。过往车辆包括多辆轿车、货车及大型运输车，均正常行驶但需注意避让施工区域，部分车辆因避让而出现轻微减速或变道行为。整体交通流未出现严重拥堵，但存在因施工导致的车道减少和车辆变道现象，符合占道施工的典型特征。
1146,5999,异常停车_20240526150047_突发事件_35639238.mp4,异常停车,多车事故,多车事故
1149,6002,拥堵_20240313203004_突发事件_35408011.mp4,拥堵,多车事故,2024年3月13日20时30分05秒至20时30分58秒，嘉闵西侧定焦04监控点位拍摄到隧道内发生多车事故。事故发生在隧道中段，涉事车辆包括多辆正常行驶的车辆，其中一辆在行驶过程中突然停车，导致后方多辆车紧急刹车或变道避让，形成最初的交通拥堵。其次，视频中可见两辆及以上车辆出现紧急刹车痕迹，车辆位置异常，部分车辆斜停或横跨车道，显示出强烈的避让和减速行为。事故未见明显碰撞痕迹或人员下车交涉，但车辆密集且通行缓慢，影响了隧道内持续正常的交通流。因此判断为多车事故，且造成持续拥堵。
1153,6006,多车事故_20240518114604_突发事件_35604270.mp4,多车事故,拥堵,2024年5月18日星期六11时45分至11时46分，位于城市高架道路主干道上，靠近右侧匝道入口处发生多车事故。涉事车辆包括一辆轿车和一辆SUV，其中一辆白色SUV与前方轿车发生追尾碰撞，导致车辆横向偏移并阻塞了右侧车道。事故现场有人员下车查看情况，部分车辆停靠在行车道内未及时撤离，导致该路段交通流明显受阻，车辆行驶缓慢，出现短时拥堵现象。异常特征表现为车辆位置异常（横跨车道、斜停）、存在明显碰撞痕迹以及后方车辆紧急避让行为。
1155,6008,异常停车_20240518083621_突发事件_35603509.mp4,异常停车,抛洒物,2024年5月18日08:36至08:37期间，外环高速莘庄立交东（外）路段出现抛洒物交通事件。在视频画面中，一条白色长条状物体（疑似货物包装或布料）位于道路中间车道，位置相对固定，未见明显移动。该抛洒物出现在车流密集区域，车辆行驶速度较慢，部分车辆在经过该区域时出现轻微避让或减速行为，但未发生碰撞或紧急刹车。该抛洒物对通行造成一定影响，尤其在高峰时段易引发安全隐患，且未见有人员下车处理或清理。异常特征表现为：异物尺寸较大、持续存在于行车道中、无警示标志提示，构成潜在交通事故风险。
1167,6020,占道施工_20230814042652_运行安全_34574460.mp4,占道施工,拥堵,2023年8月14日星期四凌晨4时26分至4时27分，外环高速南翟路立交北侧路段发生占道施工交通事件。现场可见一辆黄色工程车停靠在右侧车道，车顶闪烁警示灯，周围设置多个红白相间的交通锥桶，形成临时施工区域。多名身穿反光背心的施工人员在车辆附近活动，部分人员在锥桶旁调整布置，确保施工区域安全。该施工区域占用了一条行车道，导致过往车辆需减速绕行，影响了正常通行效率。施工区域设有明显的警示标志，符合规范要求，但未见明显施工机械或设备作业，推测为夜间临时维护或检查作业。整体交通流保持缓慢通行状态，未出现拥堵或事故情况。
1168,6021,占道施工_20230821000711_运行安全_34612980.mp4,占道施工,拥堵,2023年8月24日00:07:10至00:08:09期间，在城市高架道路的右侧车道上，有多辆工程车辆正在进行占道施工。涉事车辆包括一辆黄色工程车和一辆装载有交通锥的货车，它们在车道上缓慢行驶并沿道路右侧排列，形成临时隔离带，占用部分行车道。施工区域设有警示牌和闪烁警示灯，提示驾驶员减速并注意避让。该施工行为导致右侧车道通行能力下降，过往车辆需变道绕行，造成一定程度的交通拥堵和车速减缓，影响了道路的正常通行秩序。异常特征包括：工程车辆在夜间灯光闪烁，施工区域设有明显的警示标志，且施工人员在现场操作设备，确保施工安全。
1169,6022,多车事故_20240624164123_突发事件_35722317.mp4,多车事故,拥堵,2024年3月24日18时41分至18时42分，嘉闵西侧定焦09监控点位显示，隧道内双向车道出现持续性交通拥堵。现场多辆小客车、货车及一辆黄色校车在车道内缓慢行驶或完全停止，车流密集且车辆间距极小，尾灯连成一片，表明通行速度极低。涉事车辆包括黑色轿车、白色SUV、红色轿车、银色面包车及多辆私家车，均处于低速移动状态，未见明显事故或异常停车情况。由于车流量大且持续时间较长，导致后方车辆被迫减速并排队前行，形成典型拥堵现象，影响了隧道内整体交通流畅性。
1174,6027,拥堵_20230815134451_突发事件_34583350.mp4,拥堵,抛洒物,2023年08月15日13时44分，外环高速龙吴路路段出现严重交通拥堵，多辆轿车、货车及大型运输车辆在行车道内缓慢移动或完全停止，车流密集且持续时间较长，车辆排成长队，部分车辆因避让或变道导致轻微穿插，整体通行效率显著下降。现场未见明显事故或施工迹象，但车道内存在大量货物装载车辆（如蓝色集装箱、红色集装箱货车及水泥搅拌车），可能加剧了通行压力。该拥堵发生在高速公路主干道上，影响范围覆盖多个车道，导致后方车辆被迫减速或停滞，符合典型拥堵特征，且无异常停车、占道施工或抛洒物等其他干扰因素。
1175,6028,异常停车_20240624123038_突发事件_35721820.mp4,异常停车,多车事故,2024年6月24日12时34分，外环高速沪太立交东2枪机监控画面显示，双向车道车流正常行驶，一辆黑色轿车停靠在最右侧应急车道内，车辆开启双闪灯，未见驾驶员。
1177,6030,占道施工_20240421020038_运行安全_35503877.mp4,占道施工,拥堵,2024年4月21日02:00至02:01，在外环高速天山路段，发生了一起占道施工交通事件。现场有一辆工程车辆停在最右侧车道上，车辆顶部闪烁着警示灯，旁边有穿着反光背心的施工人员在进行作业。车道被多个红白相间的锥桶遮挡，导致车辆需变道或减速通行。受此影响，该路段的交通流量明显减缓，后方车辆被迫减速或绕行，但未造成严重拥堵。异常特征包括施工区域设有明显的警示标志和闪烁警示灯，确保过往车辆的安全通行。
1178,6031,拥堵_20240307140538_突发事件_35393646.mp4,拥堵,占道施工,2024年3月7日14时05分至14时06分，G60市区方向至S20外环高速路段发生占道施工交通事件。现场可见道路左侧车道被多个交通锥桶封闭，形成临时隔离带，施工区域设有警示标志和反光设施，提示车辆注意变道。施工区域内可见工程车辆及施工设备，部分车辆在施工区域附近缓慢行驶或绕行通过。该施工导致车道数量减少，车辆需变道行驶，造成通行效率下降，存在潜在安全隐患。异常特征包括：车道被锥桶遮挡、施工区域设有警示标志、车辆行驶速度明显降低并需调整车道。
1179,6032,拥堵_20231103162647_突发事件_35042582.mp4,拥堵,多车事故,多车事故
1181,6034,异常停车_20240625093030_突发事件_35723311.mp4,异常停车,抛洒物,2024年6月25日09时30分23秒至09时31分21秒，外环高速曹安路北向路段出现抛洒物交通事件。视频显示，该路段为多车道高速公路，车流密集，以货车和轿车为主，涉及白色、红色、黑色等颜色的车辆。在09时31分18秒至18秒，有白色小型车辆在行驶过程中因为避让前方抛洒物而急刹或绕行，导致短暂交通干扰。抛洒物位于道路右侧车道，尺寸较大，呈不规则形状，疑似为塑料袋或包装材料等轻质物品，未见明显车辆碰撞或人员下车处理情况。其存在对后方车辆造成潜在安全隐患，虽未引发严重事故，但持续的突发状况影响行车安全。异常特征表现为：抛洒物持续存在于路面，无明显清理迹象，且在车流中较为显眼，部分车辆在接近该区域时出现轻微避让行为。
1182,6035,异常停车_20240516184200_突发事件_35598210.mp4,异常停车,拥堵,2024年5月16日18时41分至18时42分，外环高速漕宝入口匝道（内）路段出现严重交通拥堵，该区域为多车道高速公路，车流密集且持续缓慢移动。涉事车辆包括大量轿车、货车及厢式运输车，其中红色集装箱货车、白色厢式货车和蓝色篷布覆盖的货车等车辆在车道内正常行驶，但整体通行速度明显下降，部分车辆间歇性刹车，后方车辆被迫减速或变道绕行。拥堵主要集中在靠近入口匝道处，车辆排成长队，持续时间超过一分钟且无缓解趋势，影响了该路段的正常通行效率。异常特征表现为车流密度高、车速低、车辆间距小，且无明显事故或施工迹象，推测为高峰时段车流量过大所致。
1188,6041,异常停车_20230719164041_突发事件_2968989.mp4,异常停车,拥堵,2023年7月19日16时40分至16时41分，外环高速丰翔路路段出现交通拥堵事件。该路段为双向多车道高速公路，右侧车道车辆行驶缓慢，车流密集，车辆间距明显缩小，部分车辆处于低速移动或短暂停滞状态，持续时间约一分钟且无缓解趋势。涉事车辆包括多辆轿车、货车及大型运输车，如红色集装箱货车、白色厢式货车和蓝色大巴车等，均在正常车道内行驶，未见异常停车或事故迹象。左侧车道车流相对顺畅，但受右侧拥堵影响，整体通行效率下降。拥堵主要集中在道路右侧弯道区域，可能与前方车流汇聚或匝道汇入有关，导致车辆排队长度逐渐增加。现场未发现施工设施、抛洒物或二轮车辆闯入等情况，也无人员下车交涉或交警到场处理，初步判断为典型高峰时段交通拥堵，影响范围覆盖多个车道，对通行造成显著影响。
1195,6048,二轮车辆闯入_20230722224740_突发事件_33395055.mp4,二轮车辆闯入,异常停车,2023年7月22日22时47分至22时48分，外环高速曹安路北（内）路段发生一起异常停车事件。一辆白色厢式货车在道路右侧应急车道内长时间静止不动，且无明显故障迹象或驾驶员下车处理情况，车辆持续停驻超过30秒，导致后方多辆小型轿车被迫减速绕行，交通流出现明显滞缓。该行为符合异常停车判断标准中的多项特征：车辆在非停车区域完全静止、无允许停车标志、驾驶员不在车内、后方车辆被迫绕行，构成交通安全隐患。
1196,6049,拥堵_20231010075017_突发事件_34915275.mp4,拥堵,多车事故,多车事故
1200,6053,占道施工_20240419003923_运行安全_35498638.mp4,占道施工,拥堵,2024年4月19日00:39至00:40期间，外环高速武威路南（内）路段出现严重交通拥堵事件。该路段为多车道高速公路，夜间照明条件下，车流密集，车辆以缓慢速度行驶，部分车辆处于停滞状态，车距极短，刹车灯持续亮起，形成明显的红色光带。涉事车辆包括大量轿车、货车、厢式货车及大型集装箱运输车，其中有多辆大型货车和厢式货车在车道内排队缓行，未见明显事故或异常停车情况。道路右侧车道有施工警示标志及施工围挡，表明可能存在临时交通管制或施工影响，但未见施工人员或设备活动。整体交通流呈现持续性拥堵特征，车辆通行效率显著下降，影响了该路段的正常通行能力。异常特征表现为长时间、大范围的车辆积压，且无明显事故或障碍物导致阻塞，符合典型早高峰时段因车流量过大引发的拥堵现象。
1210,6063,异常停车_20240510163351_突发事件_35578843.mp4,异常停车,多车事故,2024年5月10日16时13分至16时14分，外环高速丰翔路南段发生一起多车事故。事故发生在高速公路右侧车道，涉事车辆包括一辆白色轿车、一辆黑色轿车，其中白色轿车与前方车辆发生追尾，黑色轿车随后减速避让白色轿车，导致后方车辆紧急刹车并出现拥堵现象。事故现场有人员下车交涉或交警到场，车辆位置异常，部分车辆斜停或横跨车道，影响通行。其他车辆被迫减速绕行，交通流受到明显影响。异常特征表现为多车碰撞痕迹、车辆位置异常及持续的交通停滞和绕行行为。
1213,6066,异常停车_20230717150011_突发事件_1158110.mp4,异常停车,多车事故,多车事故
